[
 {
   "Rno": 210106001,
   "Name": "AARIJ MODHUBHAI HUSSAIN",
   "Branch": "Biosciences and Bioengineering"
 },
 {
   "Rno": 210106002,
   "Name": "ABHINAV PRATAP SINGH",
   "Branch": "Biosciences and Bioengineering"
 },
 {
   "Rno": 210106003,
   "Name": "ABHISHEK DWIVEDI",
   "Branch": "Biosciences and Bioengineering"
 },
 {
   "Rno": 210106004,
   "Name": "ADITYA JINDAL",
   "Branch": "Biosciences and Bioengineering"
 },
 {
   "Rno": 210106005,
   "Name": "AFSHAN PERWEEN",
   "Branch": "Biosciences and Bioengineering"
 },
 {
   "Rno": 210106006,
   "Name": "ALINA RIZVI",
   "Branch": "Biosciences and Bioengineering"
 },
 {
   "Rno": 210106007,
   "Name": "AMAN KUMAR",
   "Branch": "Biosciences and Bioengineering"
 },
 {
   "Rno": 210106008,
   "Name": "AMAN RAGHUWANSHI",
   "Branch": "Biosciences and Bioengineering"
 },
 {
   "Rno": 210106009,
   "Name": "AMGOTH NARESH",
   "Branch": "Biosciences and Bioengineering"
 },
 {
   "Rno": 210106010,
   "Name": "AMGOTH SHASHI KUMAR",
   "Branch": "Biosciences and Bioengineering"
 },
 {
   "Rno": 210106011,
   "Name": "AMOGHA KETAN POTE",
   "Branch": "Biosciences and Bioengineering"
 },
 {
   "Rno": 210106012,
   "Name": "ANIL SIYAG",
   "Branch": "Biosciences and Bioengineering"
 },
 {
   "Rno": 210106013,
   "Name": "AVNISH KARDEKAR",
   "Branch": "Biosciences and Bioengineering"
 },
 {
   "Rno": 210106014,
   "Name": "BARUPATI SAIVARUN",
   "Branch": "Biosciences and Bioengineering"
 },
 {
   "Rno": 210106015,
   "Name": "BHAYANI JAY ARVINDBHAI",
   "Branch": "Biosciences and Bioengineering"
 },
 {
   "Rno": 210106016,
   "Name": "BUKKE GOWTHAM NAIK",
   "Branch": "Biosciences and Bioengineering"
 },
 {
   "Rno": 210106017,
   "Name": "DEBOLEENA SAHA",
   "Branch": "Biosciences and Bioengineering"
 },
 {
   "Rno": 210106018,
   "Name": "DESHMUKH SAURABH GANESHRAO",
   "Branch": "Biosciences and Bioengineering"
 },
 {
   "Rno": 210106019,
   "Name": "DRISHTI AGARWAL",
   "Branch": "Biosciences and Bioengineering"
 },
 {
   "Rno": 210106020,
   "Name": "GAUTAM R N JETLEY",
   "Branch": "Biosciences and Bioengineering"
 },
 {
   "Rno": 210106021,
   "Name": "HARSH GUPTA",
   "Branch": "Biosciences and Bioengineering"
 },
 {
   "Rno": 210106022,
   "Name": "HIMANSHU AGARWAL",
   "Branch": "Biosciences and Bioengineering"
 },
 {
   "Rno": 210106023,
   "Name": "ISHAN AGASHE",
   "Branch": "Biosciences and Bioengineering"
 },
 {
   "Rno": 210106024,
   "Name": "ISHANT ROHILLA",
   "Branch": "Biosciences and Bioengineering"
 },
 {
   "Rno": 210106025,
   "Name": "JANHAVEE SHIRISH PANSE",
   "Branch": "Biosciences and Bioengineering"
 },
 {
   "Rno": 210106026,
   "Name": "JASKIRAT SINGH",
   "Branch": "Biosciences and Bioengineering"
 },
 {
   "Rno": 210106027,
   "Name": "JAYESH MURLIDHAR SONAWANE",
   "Branch": "Biosciences and Bioengineering"
 },
 {
   "Rno": 210106028,
   "Name": "KESHAV GOYAL",
   "Branch": "Biosciences and Bioengineering"
 },
 {
   "Rno": 210106029,
   "Name": "KHUSHI BHATT",
   "Branch": "Biosciences and Bioengineering"
 },
 {
   "Rno": 210106030,
   "Name": "KOMAL NIRANIA",
   "Branch": "Biosciences and Bioengineering"
 },
 {
   "Rno": 210106031,
   "Name": "KULKARNI ATHARVA NILESH",
   "Branch": "Biosciences and Bioengineering"
 },
 {
   "Rno": 210106032,
   "Name": "MANGROLIYA DHRUV GHANSHYAMBHAI",
   "Branch": "Biosciences and Bioengineering"
 },
 {
   "Rno": 210106033,
   "Name": "MANISH KUMAR",
   "Branch": "Biosciences and Bioengineering"
 },
 {
   "Rno": 210106034,
   "Name": "MOHIT RAJ",
   "Branch": "Biosciences and Bioengineering"
 },
 {
   "Rno": 210106035,
   "Name": "MUDAVATH NARESH NAYAK",
   "Branch": "Biosciences and Bioengineering"
 },
 {
   "Rno": 210106036,
   "Name": "NANDINI KATHYAYAN",
   "Branch": "Biosciences and Bioengineering"
 },
 {
   "Rno": 210106037,
   "Name": "NAVIN PATWARI",
   "Branch": "Biosciences and Bioengineering"
 },
 {
   "Rno": 210106038,
   "Name": "NEEMA TUNDUP",
   "Branch": "Biosciences and Bioengineering"
 },
 {
   "Rno": 210106039,
   "Name": "NIDHI SINGH",
   "Branch": "Biosciences and Bioengineering"
 },
 {
   "Rno": 210106040,
   "Name": "NIKHIL ASHOK PANSARE",
   "Branch": "Biosciences and Bioengineering"
 },
 {
   "Rno": 210106041,
   "Name": "OM KUMAR SAINI",
   "Branch": "Biosciences and Bioengineering"
 },
 {
   "Rno": 210106042,
   "Name": "P AASHRITH RAM",
   "Branch": "Biosciences and Bioengineering"
 },
 {
   "Rno": 210106043,
   "Name": "PAPPU URF MOHIT YADAV",
   "Branch": "Biosciences and Bioengineering"
 },
 {
   "Rno": 210106044,
   "Name": "PARAMJEET SINGH",
   "Branch": "Biosciences and Bioengineering"
 },
 {
   "Rno": 210106045,
   "Name": "PATEL KRISH RAKESHBHAI",
   "Branch": "Biosciences and Bioengineering"
 },
 {
   "Rno": 210106046,
   "Name": "PIYUSH KUMAR",
   "Branch": "Biosciences and Bioengineering"
 },
 {
   "Rno": 210106047,
   "Name": "PRADUMN DIXIT",
   "Branch": "Biosciences and Bioengineering"
 },
 {
   "Rno": 210106048,
   "Name": "PRIYANSHU PRASAD",
   "Branch": "Biosciences and Bioengineering"
 },
 {
   "Rno": 210106049,
   "Name": "PUNAKSHIT SINGH",
   "Branch": "Biosciences and Bioengineering"
 },
 {
   "Rno": 210106050,
   "Name": "PUSHKAR AMBASTHA",
   "Branch": "Biosciences and Bioengineering"
 },
 {
   "Rno": 210106051,
   "Name": "RAHUL KUMAR",
   "Branch": "Biosciences and Bioengineering"
 },
 {
   "Rno": 210106052,
   "Name": "RAHUL SINGH YADAV",
   "Branch": "Biosciences and Bioengineering"
 },
 {
   "Rno": 210106053,
   "Name": "RITESH SHIRKE",
   "Branch": "Biosciences and Bioengineering"
 },
 {
   "Rno": 210106054,
   "Name": "RITIK PATEL",
   "Branch": "Biosciences and Bioengineering"
 },
 {
   "Rno": 210106055,
   "Name": "ROHIT RAJ KOHLI",
   "Branch": "Biosciences and Bioengineering"
 },
 {
   "Rno": 210106056,
   "Name": "RONIT KUMAR KAUSHIK",
   "Branch": "Biosciences and Bioengineering"
 },
 {
   "Rno": 210106057,
   "Name": "SAMARTH JHUNJHUNWALA",
   "Branch": "Biosciences and Bioengineering"
 },
 {
   "Rno": 210106058,
   "Name": "SAMPREETI MAZUMDAR",
   "Branch": "Biosciences and Bioengineering"
 },
 {
   "Rno": 210106059,
   "Name": "SAMYAK SHARMA",
   "Branch": "Biosciences and Bioengineering"
 },
 {
   "Rno": 210106060,
   "Name": "SANYA",
   "Branch": "Biosciences and Bioengineering"
 },
 {
   "Rno": 210106061,
   "Name": "SAYAK BHATTACHARYA",
   "Branch": "Biosciences and Bioengineering"
 },
 {
   "Rno": 210106062,
   "Name": "SHALEEN KAKKAD",
   "Branch": "Biosciences and Bioengineering"
 },
 {
   "Rno": 210106063,
   "Name": "SHASHANK SHARMA",
   "Branch": "Biosciences and Bioengineering"
 },
 {
   "Rno": 210106064,
   "Name": "SHASHWAT PANDEY",
   "Branch": "Biosciences and Bioengineering"
 },
 {
   "Rno": 210106065,
   "Name": "SHIKHAR RAJ",
   "Branch": "Biosciences and Bioengineering"
 },
 {
   "Rno": 210106066,
   "Name": "SHUBHAM JAISWAL",
   "Branch": "Biosciences and Bioengineering"
 },
 {
   "Rno": 210106067,
   "Name": "SHUBHANSHU SAHU",
   "Branch": "Biosciences and Bioengineering"
 },
 {
   "Rno": 210106068,
   "Name": "SIDDHARTH",
   "Branch": "Biosciences and Bioengineering"
 },
 {
   "Rno": 210106069,
   "Name": "SIDDHI",
   "Branch": "Biosciences and Bioengineering"
 },
 {
   "Rno": 210106070,
   "Name": "SNEHA SINGH",
   "Branch": "Biosciences and Bioengineering"
 },
 {
   "Rno": 210106071,
   "Name": "SRUTI BAIBHAB MISHRA",
   "Branch": "Biosciences and Bioengineering"
 },
 {
   "Rno": 210106072,
   "Name": "SUHANI JAIN",
   "Branch": "Biosciences and Bioengineering"
 },
 {
   "Rno": 210106073,
   "Name": "SUJAY DAGANI",
   "Branch": "Biosciences and Bioengineering"
 },
 {
   "Rno": 210106074,
   "Name": "SUKANYA SONOWAL",
   "Branch": "Biosciences and Bioengineering"
 },
 {
   "Rno": 210106075,
   "Name": "SUMEET DEEPAK AHIRE",
   "Branch": "Biosciences and Bioengineering"
 },
 {
   "Rno": 210106076,
   "Name": "SUMIT KUMAR",
   "Branch": "Biosciences and Bioengineering"
 },
 {
   "Rno": 210106077,
   "Name": "SUMIT NAYAN",
   "Branch": "Biosciences and Bioengineering"
 },
 {
   "Rno": 210106078,
   "Name": "TOSHAR BANIK",
   "Branch": "Biosciences and Bioengineering"
 },
 {
   "Rno": 210106079,
   "Name": "UMANG UDBHAV",
   "Branch": "Biosciences and Bioengineering"
 },
 {
   "Rno": 210106080,
   "Name": "URVASHI SINHA",
   "Branch": "Biosciences and Bioengineering"
 },
 {
   "Rno": 210106081,
   "Name": "VAIRAGKAR SOURABH HARISH",
   "Branch": "Biosciences and Bioengineering"
 },
 {
   "Rno": 210106082,
   "Name": "VANSH",
   "Branch": "Biosciences and Bioengineering"
 },
 {
   "Rno": 210106083,
   "Name": "VIVIAN FRANCIS JOSEPH",
   "Branch": "Biosciences and Bioengineering"
 },
 {
   "Rno": 210106084,
   "Name": "YASH MISHRA",
   "Branch": "Biosciences and Bioengineering"
 },
 {
   "Rno": 210106085,
   "Name": "YASHRAJ VERMA",
   "Branch": "Biosciences and Bioengineering"
 },
 {
   "Rno": 210107001,
   "Name": "ABHIJEET SINHA",
   "Branch": "Chemical Engineering"
 },
 {
   "Rno": 210107002,
   "Name": "ABHIJIT PANDEY",
   "Branch": "Chemical Engineering"
 },
 {
   "Rno": 210107003,
   "Name": "ABHINAV KUMAR",
   "Branch": "Chemical Engineering"
 },
 {
   "Rno": 210107004,
   "Name": "ABHISHEK RATHI",
   "Branch": "Chemical Engineering"
 },
 {
   "Rno": 210107005,
   "Name": "ADITYA KUMAR",
   "Branch": "Chemical Engineering"
 },
 {
   "Rno": 210107006,
   "Name": "ADITYA PRASAD MOHANTY",
   "Branch": "Chemical Engineering"
 },
 {
   "Rno": 210107007,
   "Name": "ADITYA RAJ BAGRI",
   "Branch": "Chemical Engineering"
 },
 {
   "Rno": 210107008,
   "Name": "AKHILA REDDY A",
   "Branch": "Chemical Engineering"
 },
 {
   "Rno": 210107009,
   "Name": "ANAND MANGAL",
   "Branch": "Chemical Engineering"
 },
 {
   "Rno": 210107010,
   "Name": "ANANYA SIVAKUMAR",
   "Branch": "Chemical Engineering"
 },
 {
   "Rno": 210107011,
   "Name": "ANKIT KUMAR",
   "Branch": "Chemical Engineering"
 },
 {
   "Rno": 210107012,
   "Name": "ANSHUL PATEL",
   "Branch": "Chemical Engineering"
 },
 {
   "Rno": 210107013,
   "Name": "ARUSHI GUPTA",
   "Branch": "Chemical Engineering"
 },
 {
   "Rno": 210107014,
   "Name": "ARYAN RAY",
   "Branch": "Chemical Engineering"
 },
 {
   "Rno": 210107015,
   "Name": "AYUSH JAIN",
   "Branch": "Chemical Engineering"
 },
 {
   "Rno": 210107016,
   "Name": "AYUSH MISHRA",
   "Branch": "Chemical Engineering"
 },
 {
   "Rno": 210107017,
   "Name": "AYUSH TIWARI",
   "Branch": "Chemical Engineering"
 },
 {
   "Rno": 210107018,
   "Name": "BABITA",
   "Branch": "Chemical Engineering"
 },
 {
   "Rno": 210107019,
   "Name": "BHOLE DNYANESH NILESH",
   "Branch": "Chemical Engineering"
 },
 {
   "Rno": 210107020,
   "Name": "BROTISH PAL",
   "Branch": "Chemical Engineering"
 },
 {
   "Rno": 210107021,
   "Name": "CHINMOYEE SONOWAL",
   "Branch": "Chemical Engineering"
 },
 {
   "Rno": 210107022,
   "Name": "DEEPTANSH SHARMA",
   "Branch": "Chemical Engineering"
 },
 {
   "Rno": 210107023,
   "Name": "DEV JYOTI",
   "Branch": "Chemical Engineering"
 },
 {
   "Rno": 210107024,
   "Name": "DHRUV AGARWAL",
   "Branch": "Chemical Engineering"
 },
 {
   "Rno": 210107025,
   "Name": "DIGVIJAY SINGH",
   "Branch": "Chemical Engineering"
 },
 {
   "Rno": 210107026,
   "Name": "DISHA AGARWAL",
   "Branch": "Chemical Engineering"
 },
 {
   "Rno": 210107027,
   "Name": "FAYYAD HASEEB",
   "Branch": "Chemical Engineering"
 },
 {
   "Rno": 210107028,
   "Name": "GAURAV MEGHWAL",
   "Branch": "Chemical Engineering"
 },
 {
   "Rno": 210107029,
   "Name": "GOURAB MONDAL",
   "Branch": "Chemical Engineering"
 },
 {
   "Rno": 210107030,
   "Name": "GOUTAM KUMAR HEMBRAM",
   "Branch": "Chemical Engineering"
 },
 {
   "Rno": 210107031,
   "Name": "GOVIND MADHAV VYAS",
   "Branch": "Chemical Engineering"
 },
 {
   "Rno": 210107032,
   "Name": "GUNDETI SRIVARDHAN",
   "Branch": "Chemical Engineering"
 },
 {
   "Rno": 210107033,
   "Name": "HARSHIT KATARIYA",
   "Branch": "Chemical Engineering"
 },
 {
   "Rno": 210107034,
   "Name": "JAGDISH PANDA",
   "Branch": "Chemical Engineering"
 },
 {
   "Rno": 210107035,
   "Name": "JANHVI ANURAG",
   "Branch": "Chemical Engineering"
 },
 {
   "Rno": 210107036,
   "Name": "JAWAJI SRIKANTH",
   "Branch": "Chemical Engineering"
 },
 {
   "Rno": 210107037,
   "Name": "JUJU SAIKIA",
   "Branch": "Chemical Engineering"
 },
 {
   "Rno": 210107038,
   "Name": "KAMATHAM KRISHNA PRIYA",
   "Branch": "Chemical Engineering"
 },
 {
   "Rno": 210107039,
   "Name": "KANV CHAUDHARY",
   "Branch": "Chemical Engineering"
 },
 {
   "Rno": 210107040,
   "Name": "KARAN RABIDAS",
   "Branch": "Chemical Engineering"
 },
 {
   "Rno": 210107041,
   "Name": "KAUSTUBH DHOTE",
   "Branch": "Chemical Engineering"
 },
 {
   "Rno": 210107042,
   "Name": "KESH PRATAP SINGH",
   "Branch": "Chemical Engineering"
 },
 {
   "Rno": 210107043,
   "Name": "KESHAV KULHARI",
   "Branch": "Chemical Engineering"
 },
 {
   "Rno": 210107044,
   "Name": "KHUSHI AGRAWAL",
   "Branch": "Chemical Engineering"
 },
 {
   "Rno": 210107045,
   "Name": "KISLAY",
   "Branch": "Chemical Engineering"
 },
 {
   "Rno": 210107046,
   "Name": "KRUTHIKESH M KOPPARAM",
   "Branch": "Chemical Engineering"
 },
 {
   "Rno": 210107047,
   "Name": "KUNAL PAL",
   "Branch": "Chemical Engineering"
 },
 {
   "Rno": 210107048,
   "Name": "MAYANK ANAND",
   "Branch": "Chemical Engineering"
 },
 {
   "Rno": 210107049,
   "Name": "MD ADIL AKHTAR",
   "Branch": "Chemical Engineering"
 },
 {
   "Rno": 210107050,
   "Name": "MESHRAM ANSHIKA AJAY",
   "Branch": "Chemical Engineering"
 },
 {
   "Rno": 210107051,
   "Name": "MIHIR ANAND",
   "Branch": "Chemical Engineering"
 },
 {
   "Rno": 210107052,
   "Name": "MOHIT KUMAR SHARMA",
   "Branch": "Chemical Engineering"
 },
 {
   "Rno": 210107053,
   "Name": "MOKSHIKA KURETI",
   "Branch": "Chemical Engineering"
 },
 {
   "Rno": 210107054,
   "Name": "MRITYUNJAY SHARMA",
   "Branch": "Chemical Engineering"
 },
 {
   "Rno": 210107055,
   "Name": "NANDINI PRIYA",
   "Branch": "Chemical Engineering"
 },
 {
   "Rno": 210107056,
   "Name": "NARESH NAMDEO THAKARE",
   "Branch": "Chemical Engineering"
 },
 {
   "Rno": 210107057,
   "Name": "NIKITA BORAH",
   "Branch": "Chemical Engineering"
 },
 {
   "Rno": 210107058,
   "Name": "NITIN",
   "Branch": "Chemical Engineering"
 },
 {
   "Rno": 210107059,
   "Name": "NITYAJIT BASUMATARY",
   "Branch": "Chemical Engineering"
 },
 {
   "Rno": 210107060,
   "Name": "ONKAR DUBEY",
   "Branch": "Chemical Engineering"
 },
 {
   "Rno": 210107061,
   "Name": "PARAMESH A CHIRANG",
   "Branch": "Chemical Engineering"
 },
 {
   "Rno": 210107062,
   "Name": "PRANAV IGNATIOUS",
   "Branch": "Chemical Engineering"
 },
 {
   "Rno": 210107063,
   "Name": "PRANAY DEVENDRA BAMBOLE",
   "Branch": "Chemical Engineering"
 },
 {
   "Rno": 210107064,
   "Name": "PRANSHU",
   "Branch": "Chemical Engineering"
 },
 {
   "Rno": 210107065,
   "Name": "PRATIKSHA",
   "Branch": "Chemical Engineering"
 },
 {
   "Rno": 210107066,
   "Name": "PRIYANSHU KUMAR",
   "Branch": "Chemical Engineering"
 },
 {
   "Rno": 210107067,
   "Name": "RADHIKA DARGAR",
   "Branch": "Chemical Engineering"
 },
 {
   "Rno": 210107068,
   "Name": "RAJENDRA PRASAD SARSWAT",
   "Branch": "Chemical Engineering"
 },
 {
   "Rno": 210107069,
   "Name": "RASHMI BAJAJ",
   "Branch": "Chemical Engineering"
 },
 {
   "Rno": 210107070,
   "Name": "RAVI BHUSHAN PRATAP",
   "Branch": "Chemical Engineering"
 },
 {
   "Rno": 210107071,
   "Name": "RISHABH RAJ",
   "Branch": "Chemical Engineering"
 },
 {
   "Rno": 210107072,
   "Name": "RISHIBALAJI SRINIVASAN",
   "Branch": "Chemical Engineering"
 },
 {
   "Rno": 210107073,
   "Name": "ROHIT SATISH CHALAK",
   "Branch": "Chemical Engineering"
 },
 {
   "Rno": 210107074,
   "Name": "RONIT MALVI",
   "Branch": "Chemical Engineering"
 },
 {
   "Rno": 210107075,
   "Name": "SABIR SINGH",
   "Branch": "Chemical Engineering"
 },
 {
   "Rno": 210107076,
   "Name": "SARTHAK TAYAL",
   "Branch": "Chemical Engineering"
 },
 {
   "Rno": 210107077,
   "Name": "SHASHANK KUMAR GUPTA",
   "Branch": "Chemical Engineering"
 },
 {
   "Rno": 210107078,
   "Name": "SHIVAM ADBHUTE",
   "Branch": "Chemical Engineering"
 },
 {
   "Rno": 210107079,
   "Name": "SHIVAM KALAMBE",
   "Branch": "Chemical Engineering"
 },
 {
   "Rno": 210107080,
   "Name": "SHIVARAJ R KOLLI",
   "Branch": "Chemical Engineering"
 },
 {
   "Rno": 210107081,
   "Name": "SIDDHANT SRIVASTAVA",
   "Branch": "Chemical Engineering"
 },
 {
   "Rno": 210107082,
   "Name": "SNEHA BALAJI",
   "Branch": "Chemical Engineering"
 },
 {
   "Rno": 210107083,
   "Name": "SONALI TUDU",
   "Branch": "Chemical Engineering"
 },
 {
   "Rno": 210107084,
   "Name": "SUGAM BARMAN",
   "Branch": "Chemical Engineering"
 },
 {
   "Rno": 210107085,
   "Name": "SUGATA CHAKRABORTY",
   "Branch": "Chemical Engineering"
 },
 {
   "Rno": 210107086,
   "Name": "SURAJ KUAMR YADAV",
   "Branch": "Chemical Engineering"
 },
 {
   "Rno": 210107087,
   "Name": "SWAPNIL BAJETHA",
   "Branch": "Chemical Engineering"
 },
 {
   "Rno": 210107088,
   "Name": "TARUN",
   "Branch": "Chemical Engineering"
 },
 {
   "Rno": 210107089,
   "Name": "THAMKE SHREYASI DAYAL",
   "Branch": "Chemical Engineering"
 },
 {
   "Rno": 210107090,
   "Name": "UDDIPTTA DEKA",
   "Branch": "Chemical Engineering"
 },
 {
   "Rno": 210107091,
   "Name": "UTKARSH RAJA",
   "Branch": "Chemical Engineering"
 },
 {
   "Rno": 210107092,
   "Name": "VAIBHAV JAIN",
   "Branch": "Chemical Engineering"
 },
 {
   "Rno": 210107093,
   "Name": "VARUN SAXENA",
   "Branch": "Chemical Engineering"
 },
 {
   "Rno": 210107094,
   "Name": "VIDHISHA AGARWAL",
   "Branch": "Chemical Engineering"
 },
 {
   "Rno": 210107095,
   "Name": "VIJENDRA SINGH BHATI",
   "Branch": "Chemical Engineering"
 },
 {
   "Rno": 210107096,
   "Name": "VINEET R JAGGA",
   "Branch": "Chemical Engineering"
 },
 {
   "Rno": 210107097,
   "Name": "YESHUDAN BORA",
   "Branch": "Chemical Engineering"
 },
 {
   "Rno": 210107098,
   "Name": "ZAKIA FARHAT",
   "Branch": "Chemical Engineering"
 },
 {
   "Rno": 210122001,
   "Name": "ABHINAV MISHRA",
   "Branch": "Chemical Science and Technology"
 },
 {
   "Rno": 210122002,
   "Name": "AMBIKA SINGH",
   "Branch": "Chemical Science and Technology"
 },
 {
   "Rno": 210122003,
   "Name": "ANCHIT RAJIV PRASAD",
   "Branch": "Chemical Science and Technology"
 },
 {
   "Rno": 210122004,
   "Name": "ANJALI PRIYA",
   "Branch": "Chemical Science and Technology"
 },
 {
   "Rno": 210122005,
   "Name": "ANKIT DAS",
   "Branch": "Chemical Science and Technology"
 },
 {
   "Rno": 210122006,
   "Name": "ANKIT KUMAR",
   "Branch": "Chemical Science and Technology"
 },
 {
   "Rno": 210122007,
   "Name": "ANKIT VARSHNEY",
   "Branch": "Chemical Science and Technology"
 },
 {
   "Rno": 210122008,
   "Name": "ANURAG PANDEY",
   "Branch": "Chemical Science and Technology"
 },
 {
   "Rno": 210122009,
   "Name": "ANURAG SINGH",
   "Branch": "Chemical Science and Technology"
 },
 {
   "Rno": 210122010,
   "Name": "ANUSHKA NEGI",
   "Branch": "Chemical Science and Technology"
 },
 {
   "Rno": 210122011,
   "Name": "ARIJIT MOHANTA",
   "Branch": "Chemical Science and Technology"
 },
 {
   "Rno": 210122012,
   "Name": "AYUSH SINGH",
   "Branch": "Chemical Science and Technology"
 },
 {
   "Rno": 210122013,
   "Name": "BANOTHU KARTHIK",
   "Branch": "Chemical Science and Technology"
 },
 {
   "Rno": 210122014,
   "Name": "BHARGAV SONOWAL",
   "Branch": "Chemical Science and Technology"
 },
 {
   "Rno": 210122015,
   "Name": "DEEPANSHU POFARE",
   "Branch": "Chemical Science and Technology"
 },
 {
   "Rno": 210122016,
   "Name": "DEEPENDRA KUMAR SINGH",
   "Branch": "Chemical Science and Technology"
 },
 {
   "Rno": 210122017,
   "Name": "DEEPESH KAUSHIK",
   "Branch": "Chemical Science and Technology"
 },
 {
   "Rno": 210122018,
   "Name": "DEVESH ANJANE",
   "Branch": "Chemical Science and Technology"
 },
 {
   "Rno": 210122019,
   "Name": "DIVYESH AGARWAL",
   "Branch": "Chemical Science and Technology"
 },
 {
   "Rno": 210122020,
   "Name": "HARSHITA AGRAWAL",
   "Branch": "Chemical Science and Technology"
 },
 {
   "Rno": 210122021,
   "Name": "KANIKE UDAY",
   "Branch": "Chemical Science and Technology"
 },
 {
   "Rno": 210122022,
   "Name": "KHYATI CHAUDHARY",
   "Branch": "Chemical Science and Technology"
 },
 {
   "Rno": 210122023,
   "Name": "KOMAN MORUNGMAN MARING",
   "Branch": "Chemical Science and Technology"
 },
 {
   "Rno": 210122024,
   "Name": "KRISHNA KUMAR",
   "Branch": "Chemical Science and Technology"
 },
 {
   "Rno": 210122025,
   "Name": "KULDEEP RANJAN",
   "Branch": "Chemical Science and Technology"
 },
 {
   "Rno": 210122026,
   "Name": "KUMAWAT RAGHUVIR MOHANLAL",
   "Branch": "Chemical Science and Technology"
 },
 {
   "Rno": 210122027,
   "Name": "KUNAL SINGH",
   "Branch": "Chemical Science and Technology"
 },
 {
   "Rno": 210122028,
   "Name": "MANJU",
   "Branch": "Chemical Science and Technology"
 },
 {
   "Rno": 210122029,
   "Name": "MOHIT ADESH PATIL",
   "Branch": "Chemical Science and Technology"
 },
 {
   "Rno": 210122030,
   "Name": "MOHIT ANAND",
   "Branch": "Chemical Science and Technology"
 },
 {
   "Rno": 210122031,
   "Name": "MONUJ GOGOI",
   "Branch": "Chemical Science and Technology"
 },
 {
   "Rno": 210122032,
   "Name": "PAWAR CHANDANA",
   "Branch": "Chemical Science and Technology"
 },
 {
   "Rno": 210122033,
   "Name": "PRAKASH KUMAR",
   "Branch": "Chemical Science and Technology"
 },
 {
   "Rno": 210122034,
   "Name": "PRANATHI NIDADAVOLU",
   "Branch": "Chemical Science and Technology"
 },
 {
   "Rno": 210122035,
   "Name": "PRANJAL SAXENA",
   "Branch": "Chemical Science and Technology"
 },
 {
   "Rno": 210122036,
   "Name": "PRATHAM GARG",
   "Branch": "Chemical Science and Technology"
 },
 {
   "Rno": 210122037,
   "Name": "PUNNYA PRASANNAN",
   "Branch": "Chemical Science and Technology"
 },
 {
   "Rno": 210122038,
   "Name": "RACHIT AWASTHI",
   "Branch": "Chemical Science and Technology"
 },
 {
   "Rno": 210122039,
   "Name": "RAGHAV ARORA",
   "Branch": "Chemical Science and Technology"
 },
 {
   "Rno": 210122040,
   "Name": "RAHUL KUMAR",
   "Branch": "Chemical Science and Technology"
 },
 {
   "Rno": 210122041,
   "Name": "RAJ KASHYAP",
   "Branch": "Chemical Science and Technology"
 },
 {
   "Rno": 210122042,
   "Name": "RAJAT PATODI",
   "Branch": "Chemical Science and Technology"
 },
 {
   "Rno": 210122043,
   "Name": "RAJAT SINGHAL",
   "Branch": "Chemical Science and Technology"
 },
 {
   "Rno": 210122044,
   "Name": "RAJEEV VERMA",
   "Branch": "Chemical Science and Technology"
 },
 {
   "Rno": 210122045,
   "Name": "RAJESHWARI RAJIV JADHAV",
   "Branch": "Chemical Science and Technology"
 },
 {
   "Rno": 210122046,
   "Name": "RANJAN KUMAR",
   "Branch": "Chemical Science and Technology"
 },
 {
   "Rno": 210122047,
   "Name": "RAUNAK AGARWAL",
   "Branch": "Chemical Science and Technology"
 },
 {
   "Rno": 210122048,
   "Name": "RIDDHIMAN GHATAK",
   "Branch": "Chemical Science and Technology"
 },
 {
   "Rno": 210122049,
   "Name": "RISHAV RAJ",
   "Branch": "Chemical Science and Technology"
 },
 {
   "Rno": 210122050,
   "Name": "RISHI PATEL",
   "Branch": "Chemical Science and Technology"
 },
 {
   "Rno": 210122051,
   "Name": "RITIKA REGE",
   "Branch": "Chemical Science and Technology"
 },
 {
   "Rno": 210122052,
   "Name": "SARTHAK KUMAR",
   "Branch": "Chemical Science and Technology"
 },
 {
   "Rno": 210122053,
   "Name": "SAYAN DEY SARKAR",
   "Branch": "Chemical Science and Technology"
 },
 {
   "Rno": 210122054,
   "Name": "SHIVAM",
   "Branch": "Chemical Science and Technology"
 },
 {
   "Rno": 210122055,
   "Name": "SHIVAM KURDA",
   "Branch": "Chemical Science and Technology"
 },
 {
   "Rno": 210122056,
   "Name": "SHREYA ANAND",
   "Branch": "Chemical Science and Technology"
 },
 {
   "Rno": 210122057,
   "Name": "SHRUT DOBARIYA",
   "Branch": "Chemical Science and Technology"
 },
 {
   "Rno": 210122058,
   "Name": "SIDDHARTH KASHYAP",
   "Branch": "Chemical Science and Technology"
 },
 {
   "Rno": 210122059,
   "Name": "SUMIT KUMAR RAJAK",
   "Branch": "Chemical Science and Technology"
 },
 {
   "Rno": 210122060,
   "Name": "SWAPNIL GANGRADE",
   "Branch": "Chemical Science and Technology"
 },
 {
   "Rno": 210122061,
   "Name": "SWATI SINHA",
   "Branch": "Chemical Science and Technology"
 },
 {
   "Rno": 210122062,
   "Name": "TANVEER UL MUSTAFA",
   "Branch": "Chemical Science and Technology"
 },
 {
   "Rno": 210122063,
   "Name": "TUSHAR KHOLWAL",
   "Branch": "Chemical Science and Technology"
 },
 {
   "Rno": 210122064,
   "Name": "VEDANT SUBHASH PHAD",
   "Branch": "Chemical Science and Technology"
 },
 {
   "Rno": 210122065,
   "Name": "YASH VARDHAN SRIVASTAVA",
   "Branch": "Chemical Science and Technology"
 },
 {
   "Rno": 210104001,
   "Name": "ABHIJEET ANNASAHEB DUSANE",
   "Branch": "Civil Engineering"
 },
 {
   "Rno": 210104002,
   "Name": "ABHISHEK PAL",
   "Branch": "Civil Engineering"
 },
 {
   "Rno": 210104003,
   "Name": "ABHISHEK SINGH",
   "Branch": "Civil Engineering"
 },
 {
   "Rno": 210104004,
   "Name": "ABHISHEK YADAV",
   "Branch": "Civil Engineering"
 },
 {
   "Rno": 210104005,
   "Name": "ABHISHIRSH SACHAN",
   "Branch": "Civil Engineering"
 },
 {
   "Rno": 210104006,
   "Name": "ADARSH KUMAR",
   "Branch": "Civil Engineering"
 },
 {
   "Rno": 210104007,
   "Name": "ADITYA MATHUR",
   "Branch": "Civil Engineering"
 },
 {
   "Rno": 210104008,
   "Name": "ADITYA SUNIT PAUL",
   "Branch": "Civil Engineering"
 },
 {
   "Rno": 210104009,
   "Name": "ADITYA TIWARY",
   "Branch": "Civil Engineering"
 },
 {
   "Rno": 210104010,
   "Name": "ADYA JASSAL",
   "Branch": "Civil Engineering"
 },
 {
   "Rno": 210104011,
   "Name": "AKHILESH GUPTA",
   "Branch": "Civil Engineering"
 },
 {
   "Rno": 210104012,
   "Name": "AKSHAT AREN",
   "Branch": "Civil Engineering"
 },
 {
   "Rno": 210104013,
   "Name": "AKSHAT PRATAP SINGH",
   "Branch": "Civil Engineering"
 },
 {
   "Rno": 210104014,
   "Name": "AKSHAY KUMAR JHA",
   "Branch": "Civil Engineering"
 },
 {
   "Rno": 210104015,
   "Name": "AKSHIT SHISHODIA",
   "Branch": "Civil Engineering"
 },
 {
   "Rno": 210104016,
   "Name": "AMAN RAJ",
   "Branch": "Civil Engineering"
 },
 {
   "Rno": 210104017,
   "Name": "AMIT KUMAR",
   "Branch": "Civil Engineering"
 },
 {
   "Rno": 210104018,
   "Name": "ANKIT BENIWAL",
   "Branch": "Civil Engineering"
 },
 {
   "Rno": 210104019,
   "Name": "ANKUR KUMAR",
   "Branch": "Civil Engineering"
 },
 {
   "Rno": 210104020,
   "Name": "ANURAG",
   "Branch": "Civil Engineering"
 },
 {
   "Rno": 210104021,
   "Name": "ARNAV RAJ",
   "Branch": "Civil Engineering"
 },
 {
   "Rno": 210104022,
   "Name": "ARYAN SOLANKI",
   "Branch": "Civil Engineering"
 },
 {
   "Rno": 210104023,
   "Name": "ASHU KUMAR",
   "Branch": "Civil Engineering"
 },
 {
   "Rno": 210104024,
   "Name": "ASHUTOSH MISHRA",
   "Branch": "Civil Engineering"
 },
 {
   "Rno": 210104025,
   "Name": "ASTHA GUPTA",
   "Branch": "Civil Engineering"
 },
 {
   "Rno": 210104026,
   "Name": "AVISHKAR",
   "Branch": "Civil Engineering"
 },
 {
   "Rno": 210104027,
   "Name": "AYUSH ANAND",
   "Branch": "Civil Engineering"
 },
 {
   "Rno": 210104028,
   "Name": "AYUSH DINESH PATIL",
   "Branch": "Civil Engineering"
 },
 {
   "Rno": 210104029,
   "Name": "BAISHALI BORAH",
   "Branch": "Civil Engineering"
 },
 {
   "Rno": 210104030,
   "Name": "BHASKAR DEV",
   "Branch": "Civil Engineering"
 },
 {
   "Rno": 210104031,
   "Name": "BOROLE PRASAD BALAJI",
   "Branch": "Civil Engineering"
 },
 {
   "Rno": 210104032,
   "Name": "CHHAVI",
   "Branch": "Civil Engineering"
 },
 {
   "Rno": 210104033,
   "Name": "DAMLALSIEM",
   "Branch": "Civil Engineering"
 },
 {
   "Rno": 210104034,
   "Name": "DEEKSHA SANORIYA",
   "Branch": "Civil Engineering"
 },
 {
   "Rno": 210104035,
   "Name": "DEVARAKONDA SRAVYA VARDHANI",
   "Branch": "Civil Engineering"
 },
 {
   "Rno": 210104036,
   "Name": "DIPANSHU MEENA",
   "Branch": "Civil Engineering"
 },
 {
   "Rno": 210104037,
   "Name": "DOMALA SHINJINI",
   "Branch": "Civil Engineering"
 },
 {
   "Rno": 210104038,
   "Name": "EADA LIKHITHA",
   "Branch": "Civil Engineering"
 },
 {
   "Rno": 210104039,
   "Name": "FARIS MOHAMED K",
   "Branch": "Civil Engineering"
 },
 {
   "Rno": 210104040,
   "Name": "GADDAM MEGHANA",
   "Branch": "Civil Engineering"
 },
 {
   "Rno": 210104041,
   "Name": "HARDIK KUMAR SINGH",
   "Branch": "Civil Engineering"
 },
 {
   "Rno": 210104042,
   "Name": "HARSH RAJ",
   "Branch": "Civil Engineering"
 },
 {
   "Rno": 210104043,
   "Name": "HARSH SAW",
   "Branch": "Civil Engineering"
 },
 {
   "Rno": 210104044,
   "Name": "HARSH VARDHAN",
   "Branch": "Civil Engineering"
 },
 {
   "Rno": 210104045,
   "Name": "HARSHIT GARG",
   "Branch": "Civil Engineering"
 },
 {
   "Rno": 210104046,
   "Name": "HRISHI INANI",
   "Branch": "Civil Engineering"
 },
 {
   "Rno": 210104047,
   "Name": "IMNASEN AIER",
   "Branch": "Civil Engineering"
 },
 {
   "Rno": 210104048,
   "Name": "ISHA KHARKIA",
   "Branch": "Civil Engineering"
 },
 {
   "Rno": 210104049,
   "Name": "KANIKA TYAGI",
   "Branch": "Civil Engineering"
 },
 {
   "Rno": 210104050,
   "Name": "KARANVEER HANSA",
   "Branch": "Civil Engineering"
 },
 {
   "Rno": 210104051,
   "Name": "KATLA ROHITH KUMAR REDDY",
   "Branch": "Civil Engineering"
 },
 {
   "Rno": 210104052,
   "Name": "KUMAR KISLAY",
   "Branch": "Civil Engineering"
 },
 {
   "Rno": 210104053,
   "Name": "KUSHAL AGARWAL",
   "Branch": "Civil Engineering"
 },
 {
   "Rno": 210104054,
   "Name": "MAMIDI SANDEEP",
   "Branch": "Civil Engineering"
 },
 {
   "Rno": 210104055,
   "Name": "MANASWEE SHARMA",
   "Branch": "Civil Engineering"
 },
 {
   "Rno": 210104056,
   "Name": "MANMOHAN",
   "Branch": "Civil Engineering"
 },
 {
   "Rno": 210104057,
   "Name": "MEDAM DASARADHA RAMI REDDY",
   "Branch": "Civil Engineering"
 },
 {
   "Rno": 210104058,
   "Name": "MOHIT SHARMA",
   "Branch": "Civil Engineering"
 },
 {
   "Rno": 210104059,
   "Name": "MOIRANGTHEM HOLLYWOOD SINGH",
   "Branch": "Civil Engineering"
 },
 {
   "Rno": 210104060,
   "Name": "MOUSAM KUMARI",
   "Branch": "Civil Engineering"
 },
 {
   "Rno": 210104061,
   "Name": "MRIDUL SINGH YADAV",
   "Branch": "Civil Engineering"
 },
 {
   "Rno": 210104062,
   "Name": "MUDIT SINGH RAJPUT",
   "Branch": "Civil Engineering"
 },
 {
   "Rno": 210104063,
   "Name": "NAMAN SRIVASTAVA",
   "Branch": "Civil Engineering"
 },
 {
   "Rno": 210104064,
   "Name": "NEERAJ A R",
   "Branch": "Civil Engineering"
 },
 {
   "Rno": 210104065,
   "Name": "PADI DANYI",
   "Branch": "Civil Engineering"
 },
 {
   "Rno": 210104066,
   "Name": "PANKAJ KUMAR MEENA",
   "Branch": "Civil Engineering"
 },
 {
   "Rno": 210104067,
   "Name": "PARMESHWAR MALI",
   "Branch": "Civil Engineering"
 },
 {
   "Rno": 210104068,
   "Name": "PERURI BHAVANA",
   "Branch": "Civil Engineering"
 },
 {
   "Rno": 210104069,
   "Name": "PRAKHAR GUPTA",
   "Branch": "Civil Engineering"
 },
 {
   "Rno": 210104070,
   "Name": "PRANAY KUMAR PARATE",
   "Branch": "Civil Engineering"
 },
 {
   "Rno": 210104071,
   "Name": "PRANSHU KUMAR",
   "Branch": "Civil Engineering"
 },
 {
   "Rno": 210104072,
   "Name": "PRASHANT SAURABH",
   "Branch": "Civil Engineering"
 },
 {
   "Rno": 210104073,
   "Name": "PRATYUSH",
   "Branch": "Civil Engineering"
 },
 {
   "Rno": 210104074,
   "Name": "PRATYUSH GAUTAM",
   "Branch": "Civil Engineering"
 },
 {
   "Rno": 210104075,
   "Name": "PRERNA KUMARI",
   "Branch": "Civil Engineering"
 },
 {
   "Rno": 210104076,
   "Name": "PRIYANSH SANJEEV SHRIVASTAV",
   "Branch": "Civil Engineering"
 },
 {
   "Rno": 210104077,
   "Name": "PRIYANSHU",
   "Branch": "Civil Engineering"
 },
 {
   "Rno": 210104078,
   "Name": "PUNDARIKAKSHA MOHANTY",
   "Branch": "Civil Engineering"
 },
 {
   "Rno": 210104079,
   "Name": "RAGHAV DODA",
   "Branch": "Civil Engineering"
 },
 {
   "Rno": 210104080,
   "Name": "RAJ KUMAR",
   "Branch": "Civil Engineering"
 },
 {
   "Rno": 210104081,
   "Name": "RAMAVARAM ROHITH REDDY",
   "Branch": "Civil Engineering"
 },
 {
   "Rno": 210104082,
   "Name": "RAVI RAJ",
   "Branch": "Civil Engineering"
 },
 {
   "Rno": 210104083,
   "Name": "RAVICHANDRA",
   "Branch": "Civil Engineering"
 },
 {
   "Rno": 210104084,
   "Name": "RICHA RANI",
   "Branch": "Civil Engineering"
 },
 {
   "Rno": 210104085,
   "Name": "RISHI JAIN",
   "Branch": "Civil Engineering"
 },
 {
   "Rno": 210104086,
   "Name": "RISHIT GUPTA",
   "Branch": "Civil Engineering"
 },
 {
   "Rno": 210104087,
   "Name": "RITIKPAL SINGH",
   "Branch": "Civil Engineering"
 },
 {
   "Rno": 210104088,
   "Name": "ROHAK JAIN",
   "Branch": "Civil Engineering"
 },
 {
   "Rno": 210104089,
   "Name": "ROHAN KUMAR ISHWAR",
   "Branch": "Civil Engineering"
 },
 {
   "Rno": 210104090,
   "Name": "ROHAN TITORIA",
   "Branch": "Civil Engineering"
 },
 {
   "Rno": 210104091,
   "Name": "ROOPAM KAPOOR",
   "Branch": "Civil Engineering"
 },
 {
   "Rno": 210104092,
   "Name": "RUDRA SHANKHA NANDY",
   "Branch": "Civil Engineering"
 },
 {
   "Rno": 210104093,
   "Name": "SACHIN KUMAR",
   "Branch": "Civil Engineering"
 },
 {
   "Rno": 210104094,
   "Name": "SANTOSH CHOUHAN",
   "Branch": "Civil Engineering"
 },
 {
   "Rno": 210104095,
   "Name": "SASHIAKUM P MARAK",
   "Branch": "Civil Engineering"
 },
 {
   "Rno": 210104096,
   "Name": "SATYAM JAISWAL",
   "Branch": "Civil Engineering"
 },
 {
   "Rno": 210104097,
   "Name": "SHIKHA SINGH",
   "Branch": "Civil Engineering"
 },
 {
   "Rno": 210104098,
   "Name": "SHIKHAR SHARMA",
   "Branch": "Civil Engineering"
 },
 {
   "Rno": 210104099,
   "Name": "SHIVAM ANAND",
   "Branch": "Civil Engineering"
 },
 {
   "Rno": 210104100,
   "Name": "SHIVANSH",
   "Branch": "Civil Engineering"
 },
 {
   "Rno": 210104101,
   "Name": "SHRADDHA GUPTA",
   "Branch": "Civil Engineering"
 },
 {
   "Rno": 210104102,
   "Name": "SHREYANSHI SHARMA",
   "Branch": "Civil Engineering"
 },
 {
   "Rno": 210104103,
   "Name": "SHREYAS PIMPALKAR",
   "Branch": "Civil Engineering"
 },
 {
   "Rno": 210104104,
   "Name": "SHUBHAM CHANDA",
   "Branch": "Civil Engineering"
 },
 {
   "Rno": 210104105,
   "Name": "SHUBHANKIT ACHARYA",
   "Branch": "Civil Engineering"
 },
 {
   "Rno": 210104106,
   "Name": "SIDHARTH YADAV",
   "Branch": "Civil Engineering"
 },
 {
   "Rno": 210104107,
   "Name": "STELLA ANTONY",
   "Branch": "Civil Engineering"
 },
 {
   "Rno": 210104108,
   "Name": "SUHANI KALRA",
   "Branch": "Civil Engineering"
 },
 {
   "Rno": 210104109,
   "Name": "SURAJ MEENA",
   "Branch": "Civil Engineering"
 },
 {
   "Rno": 210104110,
   "Name": "SWASTIK SWAROOP",
   "Branch": "Civil Engineering"
 },
 {
   "Rno": 210104111,
   "Name": "T.SRIYA REDDY",
   "Branch": "Civil Engineering"
 },
 {
   "Rno": 210104112,
   "Name": "TANUJ CHAUDHARY",
   "Branch": "Civil Engineering"
 },
 {
   "Rno": 210104113,
   "Name": "UTKARSH UTPAL",
   "Branch": "Civil Engineering"
 },
 {
   "Rno": 210104114,
   "Name": "VAISHNAVI VERMA",
   "Branch": "Civil Engineering"
 },
 {
   "Rno": 210104115,
   "Name": "VANDAN SHARMA",
   "Branch": "Civil Engineering"
 },
 {
   "Rno": 210104116,
   "Name": "VIOLINA KASHYAP",
   "Branch": "Civil Engineering"
 },
 {
   "Rno": 210104117,
   "Name": "VIVEK",
   "Branch": "Civil Engineering"
 },
 {
   "Rno": 210104118,
   "Name": "YUVRAJ SINGH RAWAL",
   "Branch": "Civil Engineering"
 },
 {
   "Rno": 210101001,
   "Name": "AASNEH PRASAD",
   "Branch": "Computer Science and Engineering"
 },
 {
   "Rno": 210101002,
   "Name": "ABHI AGARWAL",
   "Branch": "Computer Science and Engineering"
 },
 {
   "Rno": 210101003,
   "Name": "ABHINAV KUMAR",
   "Branch": "Computer Science and Engineering"
 },
 {
   "Rno": 210101004,
   "Name": "ABINASH SONOWAL",
   "Branch": "Computer Science and Engineering"
 },
 {
   "Rno": 210101005,
   "Name": "ACHINTYA GUPTA",
   "Branch": "Computer Science and Engineering"
 },
 {
   "Rno": 210101006,
   "Name": "ACHYUT DHIMAN",
   "Branch": "Computer Science and Engineering"
 },
 {
   "Rno": 210101007,
   "Name": "ADITTYA GUPTA",
   "Branch": "Computer Science and Engineering"
 },
 {
   "Rno": 210101008,
   "Name": "ADITYA AGRAWAL",
   "Branch": "Computer Science and Engineering"
 },
 {
   "Rno": 210101009,
   "Name": "ADITYA GUPTA",
   "Branch": "Computer Science and Engineering"
 },
 {
   "Rno": 210101010,
   "Name": "ADITYA GUPTA",
   "Branch": "Computer Science and Engineering"
 },
 {
   "Rno": 210101011,
   "Name": "ADITYA PRABHASH",
   "Branch": "Computer Science and Engineering"
 },
 {
   "Rno": 210101012,
   "Name": "AJMERA RAKSHITH",
   "Branch": "Computer Science and Engineering"
 },
 {
   "Rno": 210101013,
   "Name": "AMIT KUMAR",
   "Branch": "Computer Science and Engineering"
 },
 {
   "Rno": 210101014,
   "Name": "ANAND KESHAV",
   "Branch": "Computer Science and Engineering"
 },
 {
   "Rno": 210101015,
   "Name": "ANKITA KANOJI",
   "Branch": "Computer Science and Engineering"
 },
 {
   "Rno": 210101016,
   "Name": "ANOOP SINGH",
   "Branch": "Computer Science and Engineering"
 },
 {
   "Rno": 210101017,
   "Name": "ANSHU SINGH RAGHAV",
   "Branch": "Computer Science and Engineering"
 },
 {
   "Rno": 210101018,
   "Name": "ANUMULA ADARSH",
   "Branch": "Computer Science and Engineering"
 },
 {
   "Rno": 210101019,
   "Name": "ANUP KUMAR",
   "Branch": "Computer Science and Engineering"
 },
 {
   "Rno": 210101020,
   "Name": "ARANI RAJESH KUMAR",
   "Branch": "Computer Science and Engineering"
 },
 {
   "Rno": 210101021,
   "Name": "ARNAV SHARAN",
   "Branch": "Computer Science and Engineering"
 },
 {
   "Rno": 210101022,
   "Name": "ARVIND KUMAR",
   "Branch": "Computer Science and Engineering"
 },
 {
   "Rno": 210101023,
   "Name": "ASHISH BHARTI",
   "Branch": "Computer Science and Engineering"
 },
 {
   "Rno": 210101024,
   "Name": "ATHARV JAIN",
   "Branch": "Computer Science and Engineering"
 },
 {
   "Rno": 210101025,
   "Name": "AVINAV YADAV",
   "Branch": "Computer Science and Engineering"
 },
 {
   "Rno": 210101026,
   "Name": "AYUSH ANAND SINGH",
   "Branch": "Computer Science and Engineering"
 },
 {
   "Rno": 210101027,
   "Name": "BADDIGAM SIDDARDHAREDDY",
   "Branch": "Computer Science and Engineering"
 },
 {
   "Rno": 210101028,
   "Name": "BALAJI.S",
   "Branch": "Computer Science and Engineering"
 },
 {
   "Rno": 210101029,
   "Name": "BANAVATHU SIMHADRI NAIK",
   "Branch": "Computer Science and Engineering"
 },
 {
   "Rno": 210101030,
   "Name": "BHARAT NARAH",
   "Branch": "Computer Science and Engineering"
 },
 {
   "Rno": 210101031,
   "Name": "BHOGI SAI SATHWIK",
   "Branch": "Computer Science and Engineering"
 },
 {
   "Rno": 210101032,
   "Name": "BUKKE YOMITHA",
   "Branch": "Computer Science and Engineering"
 },
 {
   "Rno": 210101033,
   "Name": "BUSSA SAI SANTHOSH",
   "Branch": "Computer Science and Engineering"
 },
 {
   "Rno": 210101034,
   "Name": "DARSHAN PATNI",
   "Branch": "Computer Science and Engineering"
 },
 {
   "Rno": 210101035,
   "Name": "DEVENDRA SWAMI",
   "Branch": "Computer Science and Engineering"
 },
 {
   "Rno": 210101036,
   "Name": "DEVIKA SINGH",
   "Branch": "Computer Science and Engineering"
 },
 {
   "Rno": 210101037,
   "Name": "DIVYA GARG",
   "Branch": "Computer Science and Engineering"
 },
 {
   "Rno": 210101038,
   "Name": "DURGESAM AJAY",
   "Branch": "Computer Science and Engineering"
 },
 {
   "Rno": 210101039,
   "Name": "FAIZAN AMIR",
   "Branch": "Computer Science and Engineering"
 },
 {
   "Rno": 210101040,
   "Name": "GAURAV",
   "Branch": "Computer Science and Engineering"
 },
 {
   "Rno": 210101041,
   "Name": "GAUTAM JUNEJA",
   "Branch": "Computer Science and Engineering"
 },
 {
   "Rno": 210101042,
   "Name": "GAUTAM SHARMA",
   "Branch": "Computer Science and Engineering"
 },
 {
   "Rno": 210101043,
   "Name": "GHOLAP SARVESH SARJERAO",
   "Branch": "Computer Science and Engineering"
 },
 {
   "Rno": 210101044,
   "Name": "GUTTHULA NAGA SATYA PREETAM",
   "Branch": "Computer Science and Engineering"
 },
 {
   "Rno": 210101045,
   "Name": "HARSH KATARA",
   "Branch": "Computer Science and Engineering"
 },
 {
   "Rno": 210101046,
   "Name": "HARSHAL JOSHI",
   "Branch": "Computer Science and Engineering"
 },
 {
   "Rno": 210101047,
   "Name": "HARSHIT SEKSARIA",
   "Branch": "Computer Science and Engineering"
 },
 {
   "Rno": 210101048,
   "Name": "HARSHIT SINGH PAKHARIYA",
   "Branch": "Computer Science and Engineering"
 },
 {
   "Rno": 210101049,
   "Name": "HEMANT YADAV",
   "Branch": "Computer Science and Engineering"
 },
 {
   "Rno": 210101050,
   "Name": "HIMANGSHU DEKA",
   "Branch": "Computer Science and Engineering"
 },
 {
   "Rno": 210101051,
   "Name": "HIMANSHI GAUTAM",
   "Branch": "Computer Science and Engineering"
 },
 {
   "Rno": 210101052,
   "Name": "JANAPATI SAI AJAY",
   "Branch": "Computer Science and Engineering"
 },
 {
   "Rno": 210101053,
   "Name": "JETHWANI SIDDHANT PRATAP",
   "Branch": "Computer Science and Engineering"
 },
 {
   "Rno": 210101054,
   "Name": "KANNAN RUSTAGI",
   "Branch": "Computer Science and Engineering"
 },
 {
   "Rno": 210101055,
   "Name": "KELLA USHA SREE",
   "Branch": "Computer Science and Engineering"
 },
 {
   "Rno": 210101056,
   "Name": "KODIMGARI DILEEP KUMAR",
   "Branch": "Computer Science and Engineering"
 },
 {
   "Rno": 210101057,
   "Name": "KOLETI LAVANYA",
   "Branch": "Computer Science and Engineering"
 },
 {
   "Rno": 210101058,
   "Name": "KOTA SATYA KIRAN",
   "Branch": "Computer Science and Engineering"
 },
 {
   "Rno": 210101059,
   "Name": "KSHITIJ MAURYA",
   "Branch": "Computer Science and Engineering"
 },
 {
   "Rno": 210101060,
   "Name": "KUNDAN MEENA",
   "Branch": "Computer Science and Engineering"
 },
 {
   "Rno": 210101061,
   "Name": "LAKSHEET MEENA",
   "Branch": "Computer Science and Engineering"
 },
 {
   "Rno": 210101062,
   "Name": "LAKSHYA ONKARA",
   "Branch": "Computer Science and Engineering"
 },
 {
   "Rno": 210101063,
   "Name": "MADALA SAI DEEKSHITHA",
   "Branch": "Computer Science and Engineering"
 },
 {
   "Rno": 210101064,
   "Name": "MAJJI ADITYA",
   "Branch": "Computer Science and Engineering"
 },
 {
   "Rno": 210101065,
   "Name": "MAYANK CHOUDHARY",
   "Branch": "Computer Science and Engineering"
 },
 {
   "Rno": 210101066,
   "Name": "MEGHNA BATTU",
   "Branch": "Computer Science and Engineering"
 },
 {
   "Rno": 210101067,
   "Name": "MITHILESH GUPTA",
   "Branch": "Computer Science and Engineering"
 },
 {
   "Rno": 210101068,
   "Name": "MOHIT KUMAR",
   "Branch": "Computer Science and Engineering"
 },
 {
   "Rno": 210101069,
   "Name": "MUKKA KOUSHIK",
   "Branch": "Computer Science and Engineering"
 },
 {
   "Rno": 210101070,
   "Name": "MUNAGALA DEVI NAGA SAI SRINIVAS",
   "Branch": "Computer Science and Engineering"
 },
 {
   "Rno": 210101071,
   "Name": "NAGAPURI VANITHA",
   "Branch": "Computer Science and Engineering"
 },
 {
   "Rno": 210101072,
   "Name": "NALADALA NAVADEEP",
   "Branch": "Computer Science and Engineering"
 },
 {
   "Rno": 210101073,
   "Name": "NITYA PARIKH",
   "Branch": "Computer Science and Engineering"
 },
 {
   "Rno": 210101074,
   "Name": "PARTH KASTURE",
   "Branch": "Computer Science and Engineering"
 },
 {
   "Rno": 210101075,
   "Name": "PATEL DHRUV",
   "Branch": "Computer Science and Engineering"
 },
 {
   "Rno": 210101076,
   "Name": "PIYUSH TAYAL",
   "Branch": "Computer Science and Engineering"
 },
 {
   "Rno": 210101077,
   "Name": "POSA MOKSHITH",
   "Branch": "Computer Science and Engineering"
 },
 {
   "Rno": 210101078,
   "Name": "PRANAV JAIN",
   "Branch": "Computer Science and Engineering"
 },
 {
   "Rno": 210101079,
   "Name": "PRATHAM",
   "Branch": "Computer Science and Engineering"
 },
 {
   "Rno": 210101080,
   "Name": "PRATHAM GOYAL",
   "Branch": "Computer Science and Engineering"
 },
 {
   "Rno": 210101081,
   "Name": "PRINCE KUMAR",
   "Branch": "Computer Science and Engineering"
 },
 {
   "Rno": 210101082,
   "Name": "PRIYANSHU MAHAWAR",
   "Branch": "Computer Science and Engineering"
 },
 {
   "Rno": 210101083,
   "Name": "PRIYANSHU RAJ",
   "Branch": "Computer Science and Engineering"
 },
 {
   "Rno": 210101084,
   "Name": "RANGU RISHVANJA SIMHA",
   "Branch": "Computer Science and Engineering"
 },
 {
   "Rno": 210101085,
   "Name": "RASHAAD ALI GAZANFAR ALI BAIG",
   "Branch": "Computer Science and Engineering"
 },
 {
   "Rno": 210101086,
   "Name": "RAVI LAHARE",
   "Branch": "Computer Science and Engineering"
 },
 {
   "Rno": 210101087,
   "Name": "RAVI RANJAN KUMAR",
   "Branch": "Computer Science and Engineering"
 },
 {
   "Rno": 210101088,
   "Name": "RIDHIMAN KAUR DHINDSA",
   "Branch": "Computer Science and Engineering"
 },
 {
   "Rno": 210101089,
   "Name": "RIYA MITTAL",
   "Branch": "Computer Science and Engineering"
 },
 {
   "Rno": 210101090,
   "Name": "SACHIN KUMAR GAUTAM",
   "Branch": "Computer Science and Engineering"
 },
 {
   "Rno": 210101091,
   "Name": "SAHIL JAISWAL",
   "Branch": "Computer Science and Engineering"
 },
 {
   "Rno": 210101092,
   "Name": "SAHIL MEHUL DANAYAK",
   "Branch": "Computer Science and Engineering"
 },
 {
   "Rno": 210101093,
   "Name": "SANJANA SIRI KOLISETTY",
   "Branch": "Computer Science and Engineering"
 },
 {
   "Rno": 210101094,
   "Name": "SANNIDHI HEMANTH",
   "Branch": "Computer Science and Engineering"
 },
 {
   "Rno": 210101095,
   "Name": "SATYARTH GUPTA",
   "Branch": "Computer Science and Engineering"
 },
 {
   "Rno": 210101096,
   "Name": "SHALLY KANDOI",
   "Branch": "Computer Science and Engineering"
 },
 {
   "Rno": 210101097,
   "Name": "SHASHANK KUMAR",
   "Branch": "Computer Science and Engineering"
 },
 {
   "Rno": 210101098,
   "Name": "SHIVAM GARG",
   "Branch": "Computer Science and Engineering"
 },
 {
   "Rno": 210101099,
   "Name": "SHREYA SARAF",
   "Branch": "Computer Science and Engineering"
 },
 {
   "Rno": 210101100,
   "Name": "SPARSH MITTAL",
   "Branch": "Computer Science and Engineering"
 },
 {
   "Rno": 210101101,
   "Name": "SREEHARI C",
   "Branch": "Computer Science and Engineering"
 },
 {
   "Rno": 210101102,
   "Name": "SWAGAT BHUPENDRA SATHWARA",
   "Branch": "Computer Science and Engineering"
 },
 {
   "Rno": 210101103,
   "Name": "TANISHA SALVI",
   "Branch": "Computer Science and Engineering"
 },
 {
   "Rno": 210101104,
   "Name": "TARUN KUMAR",
   "Branch": "Computer Science and Engineering"
 },
 {
   "Rno": 210101105,
   "Name": "THOTA HARSHA VARDHANI",
   "Branch": "Computer Science and Engineering"
 },
 {
   "Rno": 210101106,
   "Name": "TRIPTI RANI KACHHAP",
   "Branch": "Computer Science and Engineering"
 },
 {
   "Rno": 210101107,
   "Name": "VANGA NIKHITHA",
   "Branch": "Computer Science and Engineering"
 },
 {
   "Rno": 210101108,
   "Name": "VANKAR DIVYESH KUMAR",
   "Branch": "Computer Science and Engineering"
 },
 {
   "Rno": 210101109,
   "Name": "VARSHA",
   "Branch": "Computer Science and Engineering"
 },
 {
   "Rno": 210101110,
   "Name": "VATSAL JAIN",
   "Branch": "Computer Science and Engineering"
 },
 {
   "Rno": 210101111,
   "Name": "VUTUKURU HEMA LAKSHMI SANDHYA",
   "Branch": "Computer Science and Engineering"
 },
 {
   "Rno": 210101112,
   "Name": "YADAV HARSH PRADEEP",
   "Branch": "Computer Science and Engineering"
 },
 {
   "Rno": 210101113,
   "Name": "YASH RAJ SINGH",
   "Branch": "Computer Science and Engineering"
 },
 {
   "Rno": 210150001,
   "Name": "ABHIST YADAV",
   "Branch": "Data Science and Artificial Intelligence"
 },
 {
   "Rno": 210150002,
   "Name": "ADITYA GUPTA",
   "Branch": "Data Science and Artificial Intelligence"
 },
 {
   "Rno": 210150003,
   "Name": "ADITYA MANDAL",
   "Branch": "Data Science and Artificial Intelligence"
 },
 {
   "Rno": 210150004,
   "Name": "ADITYA SURYAWANSHI",
   "Branch": "Data Science and Artificial Intelligence"
 },
 {
   "Rno": 210150005,
   "Name": "ANANT KACHOLIA",
   "Branch": "Data Science and Artificial Intelligence"
 },
 {
   "Rno": 210150006,
   "Name": "ANKITA ANAND",
   "Branch": "Data Science and Artificial Intelligence"
 },
 {
   "Rno": 210150007,
   "Name": "ARYAN LATH",
   "Branch": "Data Science and Artificial Intelligence"
 },
 {
   "Rno": 210150008,
   "Name": "ARYAN SINGH",
   "Branch": "Data Science and Artificial Intelligence"
 },
 {
   "Rno": 210150009,
   "Name": "BORRA LAKSHYA",
   "Branch": "Data Science and Artificial Intelligence"
 },
 {
   "Rno": 210150010,
   "Name": "DEVANSH BHARDWAJ",
   "Branch": "Data Science and Artificial Intelligence"
 },
 {
   "Rno": 210150011,
   "Name": "HARSH RAJ",
   "Branch": "Data Science and Artificial Intelligence"
 },
 {
   "Rno": 210150012,
   "Name": "KATTA SRIKAR REDDY",
   "Branch": "Data Science and Artificial Intelligence"
 },
 {
   "Rno": 210150013,
   "Name": "NISHCHAY NILABH",
   "Branch": "Data Science and Artificial Intelligence"
 },
 {
   "Rno": 210150014,
   "Name": "PALTHIYA LAANITH CHOUHAN",
   "Branch": "Data Science and Artificial Intelligence"
 },
 {
   "Rno": 210150015,
   "Name": "POKALA RITHURAJ",
   "Branch": "Data Science and Artificial Intelligence"
 },
 {
   "Rno": 210150016,
   "Name": "SHUBHI AGARWAL",
   "Branch": "Data Science and Artificial Intelligence"
 },
 {
   "Rno": 210150017,
   "Name": "SUBHASH PATEL",
   "Branch": "Data Science and Artificial Intelligence"
 },
 {
   "Rno": 210150018,
   "Name": "SUNANDA K H",
   "Branch": "Data Science and Artificial Intelligence"
 },
 {
   "Rno": 210150019,
   "Name": "THANISH BOLLA",
   "Branch": "Data Science and Artificial Intelligence"
 },
 {
   "Rno": 210150020,
   "Name": "VARUN NAGPAL",
   "Branch": "Data Science and Artificial Intelligence"
 },
 {
   "Rno": 210102001,
   "Name": "AASTHA SINGH RAI",
   "Branch": "Electronics and Communication Engineering"
 },
 {
   "Rno": 210102002,
   "Name": "ABHAY VERMA",
   "Branch": "Electronics and Communication Engineering"
 },
 {
   "Rno": 210102003,
   "Name": "ABHISHEK REDDY THORRA",
   "Branch": "Electronics and Communication Engineering"
 },
 {
   "Rno": 210102004,
   "Name": "ADITYA BHUSHAN",
   "Branch": "Electronics and Communication Engineering"
 },
 {
   "Rno": 210102005,
   "Name": "ADITYA GARG",
   "Branch": "Electronics and Communication Engineering"
 },
 {
   "Rno": 210102006,
   "Name": "ADITYA GUPTA",
   "Branch": "Electronics and Communication Engineering"
 },
 {
   "Rno": 210102007,
   "Name": "ADITYA KARANTH",
   "Branch": "Electronics and Communication Engineering"
 },
 {
   "Rno": 210102008,
   "Name": "ADITYA KUMAR",
   "Branch": "Electronics and Communication Engineering"
 },
 {
   "Rno": 210102009,
   "Name": "ADVAITAA ARUN",
   "Branch": "Electronics and Communication Engineering"
 },
 {
   "Rno": 210102010,
   "Name": "AILINENI PUNEETH",
   "Branch": "Electronics and Communication Engineering"
 },
 {
   "Rno": 210102011,
   "Name": "AKSHAT",
   "Branch": "Electronics and Communication Engineering"
 },
 {
   "Rno": 210102012,
   "Name": "AKSHIT SHARMA",
   "Branch": "Electronics and Communication Engineering"
 },
 {
   "Rno": 210102013,
   "Name": "AMAN RAJ",
   "Branch": "Electronics and Communication Engineering"
 },
 {
   "Rno": 210102014,
   "Name": "AMAN RAVI SINGH",
   "Branch": "Electronics and Communication Engineering"
 },
 {
   "Rno": 210102015,
   "Name": "AMIT KUSHWAHA",
   "Branch": "Electronics and Communication Engineering"
 },
 {
   "Rno": 210102016,
   "Name": "AMOGH TIWARI",
   "Branch": "Electronics and Communication Engineering"
 },
 {
   "Rno": 210102017,
   "Name": "AMRISHA VARDIYA",
   "Branch": "Electronics and Communication Engineering"
 },
 {
   "Rno": 210102018,
   "Name": "ANCHAL",
   "Branch": "Electronics and Communication Engineering"
 },
 {
   "Rno": 210102019,
   "Name": "ANIRUDDHA MOON",
   "Branch": "Electronics and Communication Engineering"
 },
 {
   "Rno": 210102020,
   "Name": "ANSHU APOORVA",
   "Branch": "Electronics and Communication Engineering"
 },
 {
   "Rno": 210102021,
   "Name": "ARHITA KUNDU",
   "Branch": "Electronics and Communication Engineering"
 },
 {
   "Rno": 210102022,
   "Name": "BANDARU SHASHANK",
   "Branch": "Electronics and Communication Engineering"
 },
 {
   "Rno": 210102023,
   "Name": "BANOTH JASHWANTH SAI",
   "Branch": "Electronics and Communication Engineering"
 },
 {
   "Rno": 210102024,
   "Name": "BHARTI",
   "Branch": "Electronics and Communication Engineering"
 },
 {
   "Rno": 210102025,
   "Name": "CHINTALAPUDI YADEEDYA RAO",
   "Branch": "Electronics and Communication Engineering"
 },
 {
   "Rno": 210102026,
   "Name": "DEEPAK SINGH",
   "Branch": "Electronics and Communication Engineering"
 },
 {
   "Rno": 210102027,
   "Name": "DHANESH V",
   "Branch": "Electronics and Communication Engineering"
 },
 {
   "Rno": 210102028,
   "Name": "DHARMANA PURVI",
   "Branch": "Electronics and Communication Engineering"
 },
 {
   "Rno": 210102029,
   "Name": "DIYA ARUN",
   "Branch": "Electronics and Communication Engineering"
 },
 {
   "Rno": 210102030,
   "Name": "DOMALA YAMINI",
   "Branch": "Electronics and Communication Engineering"
 },
 {
   "Rno": 210102031,
   "Name": "EPPALAPALLI ABHIPRANAV",
   "Branch": "Electronics and Communication Engineering"
 },
 {
   "Rno": 210102032,
   "Name": "G V KRISHNA KIREETI",
   "Branch": "Electronics and Communication Engineering"
 },
 {
   "Rno": 210102033,
   "Name": "GEETANJAY MANIK",
   "Branch": "Electronics and Communication Engineering"
 },
 {
   "Rno": 210102034,
   "Name": "GEMBALI MADHAN MOHAN",
   "Branch": "Electronics and Communication Engineering"
 },
 {
   "Rno": 210102035,
   "Name": "GUGULOTH SHIVA SANDEEP",
   "Branch": "Electronics and Communication Engineering"
 },
 {
   "Rno": 210102036,
   "Name": "HARDIK ROONGTA",
   "Branch": "Electronics and Communication Engineering"
 },
 {
   "Rno": 210102037,
   "Name": "HITESH KUMAR",
   "Branch": "Electronics and Communication Engineering"
 },
 {
   "Rno": 210102038,
   "Name": "HRISHIKESH",
   "Branch": "Electronics and Communication Engineering"
 },
 {
   "Rno": 210102039,
   "Name": "IPSITA JAIN",
   "Branch": "Electronics and Communication Engineering"
 },
 {
   "Rno": 210102040,
   "Name": "JAKKULA SPANDHAN SRIRAG",
   "Branch": "Electronics and Communication Engineering"
 },
 {
   "Rno": 210102041,
   "Name": "JUPAKA GAYATHRI",
   "Branch": "Electronics and Communication Engineering"
 },
 {
   "Rno": 210102042,
   "Name": "KARAN MARKANDEY",
   "Branch": "Electronics and Communication Engineering"
 },
 {
   "Rno": 210102043,
   "Name": "KATTAMURI SRI CHAITANYA",
   "Branch": "Electronics and Communication Engineering"
 },
 {
   "Rno": 210102044,
   "Name": "KAUSTUBH KUMAR",
   "Branch": "Electronics and Communication Engineering"
 },
 {
   "Rno": 210102045,
   "Name": "KETAN SINGH",
   "Branch": "Electronics and Communication Engineering"
 },
 {
   "Rno": 210102046,
   "Name": "KHUSHI BOTHRA",
   "Branch": "Electronics and Communication Engineering"
 },
 {
   "Rno": 210102047,
   "Name": "KISHAN KUMAR",
   "Branch": "Electronics and Communication Engineering"
 },
 {
   "Rno": 210102048,
   "Name": "KODURU GAYATRI",
   "Branch": "Electronics and Communication Engineering"
 },
 {
   "Rno": 210102049,
   "Name": "KORADA UDAY KIRAN",
   "Branch": "Electronics and Communication Engineering"
 },
 {
   "Rno": 210102050,
   "Name": "KOTHAKAPU SAI CHARAN REDDY",
   "Branch": "Electronics and Communication Engineering"
 },
 {
   "Rno": 210102051,
   "Name": "KOUSTUB GURURAJA RAO",
   "Branch": "Electronics and Communication Engineering"
 },
 {
   "Rno": 210102052,
   "Name": "KUSUMA SAI GANESH",
   "Branch": "Electronics and Communication Engineering"
 },
 {
   "Rno": 210102053,
   "Name": "LAKSHYA KOHLI",
   "Branch": "Electronics and Communication Engineering"
 },
 {
   "Rno": 210102054,
   "Name": "MANOJ KUMAR AHIRWAR",
   "Branch": "Electronics and Communication Engineering"
 },
 {
   "Rno": 210102055,
   "Name": "MD SAMEER",
   "Branch": "Electronics and Communication Engineering"
 },
 {
   "Rno": 210102056,
   "Name": "NAVEEN KALWAN",
   "Branch": "Electronics and Communication Engineering"
 },
 {
   "Rno": 210102057,
   "Name": "NISHANT BHAGAT",
   "Branch": "Electronics and Communication Engineering"
 },
 {
   "Rno": 210102058,
   "Name": "NITISH KUMAR PINNETI",
   "Branch": "Electronics and Communication Engineering"
 },
 {
   "Rno": 210102059,
   "Name": "NITYAM PAREEK",
   "Branch": "Electronics and Communication Engineering"
 },
 {
   "Rno": 210102060,
   "Name": "PARAMVEER PRAKASH",
   "Branch": "Electronics and Communication Engineering"
 },
 {
   "Rno": 210102061,
   "Name": "PARIDHI BARUAH",
   "Branch": "Electronics and Communication Engineering"
 },
 {
   "Rno": 210102062,
   "Name": "PRABHANJAN BALKRISHNA JADHAV",
   "Branch": "Electronics and Communication Engineering"
 },
 {
   "Rno": 210102063,
   "Name": "PRACHI SINHA",
   "Branch": "Electronics and Communication Engineering"
 },
 {
   "Rno": 210102064,
   "Name": "PRATYUSH R",
   "Branch": "Electronics and Communication Engineering"
 },
 {
   "Rno": 210102065,
   "Name": "PRIYANSHU KUMAR RAJ",
   "Branch": "Electronics and Communication Engineering"
 },
 {
   "Rno": 210102066,
   "Name": "PUJA KUMARI",
   "Branch": "Electronics and Communication Engineering"
 },
 {
   "Rno": 210102067,
   "Name": "RAJAT SINGH",
   "Branch": "Electronics and Communication Engineering"
 },
 {
   "Rno": 210102068,
   "Name": "RASESH SRIVASTAVA",
   "Branch": "Electronics and Communication Engineering"
 },
 {
   "Rno": 210102069,
   "Name": "RAVI KUMAR SAINI",
   "Branch": "Electronics and Communication Engineering"
 },
 {
   "Rno": 210102070,
   "Name": "RITESH RANJAN",
   "Branch": "Electronics and Communication Engineering"
 },
 {
   "Rno": 210102071,
   "Name": "ROHAN MITRA",
   "Branch": "Electronics and Communication Engineering"
 },
 {
   "Rno": 210102072,
   "Name": "SACHIN KUMAR",
   "Branch": "Electronics and Communication Engineering"
 },
 {
   "Rno": 210102073,
   "Name": "SAGAR KUMAR",
   "Branch": "Electronics and Communication Engineering"
 },
 {
   "Rno": 210102074,
   "Name": "SAIRAJ RAGHAVENDRA GHOSARWADKAR",
   "Branch": "Electronics and Communication Engineering"
 },
 {
   "Rno": 210102075,
   "Name": "SANJAY VARUN",
   "Branch": "Electronics and Communication Engineering"
 },
 {
   "Rno": 210102076,
   "Name": "SANKOORU MANIDEEP",
   "Branch": "Electronics and Communication Engineering"
 },
 {
   "Rno": 210102077,
   "Name": "SEELAM ALEXANDER",
   "Branch": "Electronics and Communication Engineering"
 },
 {
   "Rno": 210102078,
   "Name": "SEELAM HARSHITHA",
   "Branch": "Electronics and Communication Engineering"
 },
 {
   "Rno": 210102079,
   "Name": "SHANIGARAPU SHASHIKANTH",
   "Branch": "Electronics and Communication Engineering"
 },
 {
   "Rno": 210102080,
   "Name": "SHIVAM VISHWAKARMA",
   "Branch": "Electronics and Communication Engineering"
 },
 {
   "Rno": 210102081,
   "Name": "SHIVAM AGARWAL",
   "Branch": "Electronics and Communication Engineering"
 },
 {
   "Rno": 210102082,
   "Name": "SHIVAM GUPTA",
   "Branch": "Electronics and Communication Engineering"
 },
 {
   "Rno": 210102083,
   "Name": "SHIVAM KUMAR SINGH",
   "Branch": "Electronics and Communication Engineering"
 },
 {
   "Rno": 210102084,
   "Name": "SHIVAM NAYAK",
   "Branch": "Electronics and Communication Engineering"
 },
 {
   "Rno": 210102085,
   "Name": "SHRUTI RAJ",
   "Branch": "Electronics and Communication Engineering"
 },
 {
   "Rno": 210102086,
   "Name": "SINGAMANENI SAHITHI",
   "Branch": "Electronics and Communication Engineering"
 },
 {
   "Rno": 210102087,
   "Name": "SOUMYA GUPTA",
   "Branch": "Electronics and Communication Engineering"
 },
 {
   "Rno": 210102088,
   "Name": "SRIRAM SAI KRISHNA",
   "Branch": "Electronics and Communication Engineering"
 },
 {
   "Rno": 210102089,
   "Name": "SUDHANSHU CHAURASIA",
   "Branch": "Electronics and Communication Engineering"
 },
 {
   "Rno": 210102090,
   "Name": "SUSANNA JOSEPH",
   "Branch": "Electronics and Communication Engineering"
 },
 {
   "Rno": 210102091,
   "Name": "SYED MOHAMMAD ASIF AMAAN",
   "Branch": "Electronics and Communication Engineering"
 },
 {
   "Rno": 210102092,
   "Name": "TAMADANA PAVAN KALYAN",
   "Branch": "Electronics and Communication Engineering"
 },
 {
   "Rno": 210102093,
   "Name": "UJJWAL JAGGARWAL",
   "Branch": "Electronics and Communication Engineering"
 },
 {
   "Rno": 210102094,
   "Name": "VAGISHA RAJ",
   "Branch": "Electronics and Communication Engineering"
 },
 {
   "Rno": 210102095,
   "Name": "VEDANT RAVINDRA KHARCHE",
   "Branch": "Electronics and Communication Engineering"
 },
 {
   "Rno": 210102096,
   "Name": "VEDIKA GARG",
   "Branch": "Electronics and Communication Engineering"
 },
 {
   "Rno": 210102097,
   "Name": "VIBHOR SHARMA",
   "Branch": "Electronics and Communication Engineering"
 },
 {
   "Rno": 210102098,
   "Name": "VIDYA SAGAR G",
   "Branch": "Electronics and Communication Engineering"
 },
 {
   "Rno": 210102099,
   "Name": "VITTA NEERAJ KUMAR",
   "Branch": "Electronics and Communication Engineering"
 },
 {
   "Rno": 210102100,
   "Name": "YASH KATARIA",
   "Branch": "Electronics and Communication Engineering"
 },
 {
   "Rno": 210102101,
   "Name": "YEDDULA BASIREDDYGARI GANGA MOHITH REDDY",
   "Branch": "Electronics and Communication Engineering"
 },
 {
   "Rno": 210102102,
   "Name": "YUVRAJ JAISWAL",
   "Branch": "Electronics and Communication Engineering"
 },
 {
   "Rno": 210108001,
   "Name": "ABHAY DINESH NAIDU",
   "Branch": "Electronics and Electrical Engineering"
 },
 {
   "Rno": 210108002,
   "Name": "ABHISHEK KUMAR",
   "Branch": "Electronics and Electrical Engineering"
 },
 {
   "Rno": 210108003,
   "Name": "ADESH KUMAR PATRA",
   "Branch": "Electronics and Electrical Engineering"
 },
 {
   "Rno": 210108004,
   "Name": "ANINDYA BISWAS",
   "Branch": "Electronics and Electrical Engineering"
 },
 {
   "Rno": 210108005,
   "Name": "ANIRUDH GUPTA",
   "Branch": "Electronics and Electrical Engineering"
 },
 {
   "Rno": 210108006,
   "Name": "ANYA KSHIRSAGAR",
   "Branch": "Electronics and Electrical Engineering"
 },
 {
   "Rno": 210108007,
   "Name": "ARUN RAJ",
   "Branch": "Electronics and Electrical Engineering"
 },
 {
   "Rno": 210108008,
   "Name": "ASHISH KUMAR",
   "Branch": "Electronics and Electrical Engineering"
 },
 {
   "Rno": 210108009,
   "Name": "ASHUTOSH KUMAR",
   "Branch": "Electronics and Electrical Engineering"
 },
 {
   "Rno": 210108010,
   "Name": "AVINASH SHARMA",
   "Branch": "Electronics and Electrical Engineering"
 },
 {
   "Rno": 210108011,
   "Name": "BODDEPALLI SAKETH",
   "Branch": "Electronics and Electrical Engineering"
 },
 {
   "Rno": 210108012,
   "Name": "CHAUDHARI SHANTANU UJWAL",
   "Branch": "Electronics and Electrical Engineering"
 },
 {
   "Rno": 210108013,
   "Name": "CHINTHA YETHI RAJ",
   "Branch": "Electronics and Electrical Engineering"
 },
 {
   "Rno": 210108014,
   "Name": "DEVANSH SINGH",
   "Branch": "Electronics and Electrical Engineering"
 },
 {
   "Rno": 210108015,
   "Name": "HARSH DIWAKER",
   "Branch": "Electronics and Electrical Engineering"
 },
 {
   "Rno": 210108016,
   "Name": "HIMANSHU AGRAWAL",
   "Branch": "Electronics and Electrical Engineering"
 },
 {
   "Rno": 210108017,
   "Name": "HIMANSHU JINDAL",
   "Branch": "Electronics and Electrical Engineering"
 },
 {
   "Rno": 210108018,
   "Name": "HIMANSHU PRAMOD TEMBHE",
   "Branch": "Electronics and Electrical Engineering"
 },
 {
   "Rno": 210108019,
   "Name": "KALYANKASTURE BHAKTI LAXMAN",
   "Branch": "Electronics and Electrical Engineering"
 },
 {
   "Rno": 210108020,
   "Name": "KANDURI ROHAN",
   "Branch": "Electronics and Electrical Engineering"
 },
 {
   "Rno": 210108021,
   "Name": "KARAN GARG",
   "Branch": "Electronics and Electrical Engineering"
 },
 {
   "Rno": 210108022,
   "Name": "KISHLAY SONI",
   "Branch": "Electronics and Electrical Engineering"
 },
 {
   "Rno": 210108023,
   "Name": "KUMAR GAURAV",
   "Branch": "Electronics and Electrical Engineering"
 },
 {
   "Rno": 210108024,
   "Name": "LAKSHIT SETHIA",
   "Branch": "Electronics and Electrical Engineering"
 },
 {
   "Rno": 210108025,
   "Name": "LAKSHYA PATEL",
   "Branch": "Electronics and Electrical Engineering"
 },
 {
   "Rno": 210108026,
   "Name": "MAHARSH BINDESHKUMAR RAVAL",
   "Branch": "Electronics and Electrical Engineering"
 },
 {
   "Rno": 210108027,
   "Name": "MANAB JYOTI RABHA",
   "Branch": "Electronics and Electrical Engineering"
 },
 {
   "Rno": 210108028,
   "Name": "MANISH KUMAR",
   "Branch": "Electronics and Electrical Engineering"
 },
 {
   "Rno": 210108029,
   "Name": "MIHIKA PARAG DESHPANDE",
   "Branch": "Electronics and Electrical Engineering"
 },
 {
   "Rno": 210108030,
   "Name": "NAGASARAPU VENKATA KOUSHIK",
   "Branch": "Electronics and Electrical Engineering"
 },
 {
   "Rno": 210108031,
   "Name": "NAMAN KUMAR JANGID",
   "Branch": "Electronics and Electrical Engineering"
 },
 {
   "Rno": 210108032,
   "Name": "NEELIMA PULIPATI",
   "Branch": "Electronics and Electrical Engineering"
 },
 {
   "Rno": 210108033,
   "Name": "OM CHOUDHARY",
   "Branch": "Electronics and Electrical Engineering"
 },
 {
   "Rno": 210108034,
   "Name": "PRAJKT ANANDRAO SONKUSARE",
   "Branch": "Electronics and Electrical Engineering"
 },
 {
   "Rno": 210108035,
   "Name": "PRIYANSHU",
   "Branch": "Electronics and Electrical Engineering"
 },
 {
   "Rno": 210108036,
   "Name": "RAHUL VIVEK",
   "Branch": "Electronics and Electrical Engineering"
 },
 {
   "Rno": 210108037,
   "Name": "RAJNANDNI PARMAR",
   "Branch": "Electronics and Electrical Engineering"
 },
 {
   "Rno": 210108038,
   "Name": "RANJEET SOREN",
   "Branch": "Electronics and Electrical Engineering"
 },
 {
   "Rno": 210108039,
   "Name": "RAVEENA KUMARI",
   "Branch": "Electronics and Electrical Engineering"
 },
 {
   "Rno": 210108040,
   "Name": "RINSHI KUMARI",
   "Branch": "Electronics and Electrical Engineering"
 },
 {
   "Rno": 210108041,
   "Name": "RONAK SHARMA",
   "Branch": "Electronics and Electrical Engineering"
 },
 {
   "Rno": 210108042,
   "Name": "SANSKRITI",
   "Branch": "Electronics and Electrical Engineering"
 },
 {
   "Rno": 210108043,
   "Name": "SHAUN JOB",
   "Branch": "Electronics and Electrical Engineering"
 },
 {
   "Rno": 210108044,
   "Name": "SHIVAM AGRAWAL",
   "Branch": "Electronics and Electrical Engineering"
 },
 {
   "Rno": 210108045,
   "Name": "SHLOK AGRAWAL",
   "Branch": "Electronics and Electrical Engineering"
 },
 {
   "Rno": 210108046,
   "Name": "SIDDHANT SHRIVASTAVA",
   "Branch": "Electronics and Electrical Engineering"
 },
 {
   "Rno": 210108047,
   "Name": "SOUDHARM JHANJHREE",
   "Branch": "Electronics and Electrical Engineering"
 },
 {
   "Rno": 210108048,
   "Name": "SOUMYADIP MONDAL",
   "Branch": "Electronics and Electrical Engineering"
 },
 {
   "Rno": 210108049,
   "Name": "SRISHTI MURARKA",
   "Branch": "Electronics and Electrical Engineering"
 },
 {
   "Rno": 210108050,
   "Name": "STUTI MATHUR",
   "Branch": "Electronics and Electrical Engineering"
 },
 {
   "Rno": 210108051,
   "Name": "SUNIL MEENA",
   "Branch": "Electronics and Electrical Engineering"
 },
 {
   "Rno": 210108052,
   "Name": "SURAJ KUMAR SHIT",
   "Branch": "Electronics and Electrical Engineering"
 },
 {
   "Rno": 210108053,
   "Name": "SWAPN AGARWAL",
   "Branch": "Electronics and Electrical Engineering"
 },
 {
   "Rno": 210108054,
   "Name": "TANUJA PAINKRA",
   "Branch": "Electronics and Electrical Engineering"
 },
 {
   "Rno": 210108055,
   "Name": "TEJAS KADRE",
   "Branch": "Electronics and Electrical Engineering"
 },
 {
   "Rno": 210108056,
   "Name": "TUSHAR YADAV",
   "Branch": "Electronics and Electrical Engineering"
 },
 {
   "Rno": 210108057,
   "Name": "UDAY PRATAP SINGH CHAUHAN",
   "Branch": "Electronics and Electrical Engineering"
 },
 {
   "Rno": 210108058,
   "Name": "USILLA HASINI RAGA",
   "Branch": "Electronics and Electrical Engineering"
 },
 {
   "Rno": 210108059,
   "Name": "VASU SAIN",
   "Branch": "Electronics and Electrical Engineering"
 },
 {
   "Rno": 210108060,
   "Name": "VELAGAPALLI SAMUEL CRIPPS",
   "Branch": "Electronics and Electrical Engineering"
 },
 {
   "Rno": 210108061,
   "Name": "YASH JAIN",
   "Branch": "Electronics and Electrical Engineering"
 },
 {
   "Rno": 210108062,
   "Name": "ZAINAB ALI",
   "Branch": "Electronics and Electrical Engineering"
 },
 {
   "Rno": 210121001,
   "Name": "ABHISHEK GAUTAM",
   "Branch": "Engineering Physics"
 },
 {
   "Rno": 210121002,
   "Name": "ABHISHEK KUMAR MONTY",
   "Branch": "Engineering Physics"
 },
 {
   "Rno": 210121003,
   "Name": "ADARSH SHARMA",
   "Branch": "Engineering Physics"
 },
 {
   "Rno": 210121004,
   "Name": "ADITYA DHANANJAY BAHIRAT",
   "Branch": "Engineering Physics"
 },
 {
   "Rno": 210121005,
   "Name": "AISHWARYA THAKARE",
   "Branch": "Engineering Physics"
 },
 {
   "Rno": 210121006,
   "Name": "AJAYA KUMAR",
   "Branch": "Engineering Physics"
 },
 {
   "Rno": 210121007,
   "Name": "AKSHAT KUMAR",
   "Branch": "Engineering Physics"
 },
 {
   "Rno": 210121008,
   "Name": "AMBESH DIXIT",
   "Branch": "Engineering Physics"
 },
 {
   "Rno": 210121009,
   "Name": "AMLAN BISWAL",
   "Branch": "Engineering Physics"
 },
 {
   "Rno": 210121010,
   "Name": "ANIBA AGRAWAL",
   "Branch": "Engineering Physics"
 },
 {
   "Rno": 210121011,
   "Name": "ANJUM ULAZIM",
   "Branch": "Engineering Physics"
 },
 {
   "Rno": 210121012,
   "Name": "ANUBRATA SAHA",
   "Branch": "Engineering Physics"
 },
 {
   "Rno": 210121013,
   "Name": "ANUJ ANIL LOKHANDE",
   "Branch": "Engineering Physics"
 },
 {
   "Rno": 210121014,
   "Name": "ANURAG KUSHWAH",
   "Branch": "Engineering Physics"
 },
 {
   "Rno": 210121015,
   "Name": "ARNAV PANDITA",
   "Branch": "Engineering Physics"
 },
 {
   "Rno": 210121016,
   "Name": "ARYAMAN BANSAL",
   "Branch": "Engineering Physics"
 },
 {
   "Rno": 210121017,
   "Name": "ASHWIN RAJ SARMAH",
   "Branch": "Engineering Physics"
 },
 {
   "Rno": 210121018,
   "Name": "AUM PATEL",
   "Branch": "Engineering Physics"
 },
 {
   "Rno": 210121019,
   "Name": "AYUSH MOTHIYA",
   "Branch": "Engineering Physics"
 },
 {
   "Rno": 210121020,
   "Name": "CHHANDAM PAL",
   "Branch": "Engineering Physics"
 },
 {
   "Rno": 210121021,
   "Name": "DOLINA MUSHAHARY",
   "Branch": "Engineering Physics"
 },
 {
   "Rno": 210121022,
   "Name": "FELIX XAVIER MECHERIL",
   "Branch": "Engineering Physics"
 },
 {
   "Rno": 210121023,
   "Name": "GANDI DHEERAJ SIMHACHALAM NAIDU",
   "Branch": "Engineering Physics"
 },
 {
   "Rno": 210121024,
   "Name": "GAURANG PARAG PATANKAR",
   "Branch": "Engineering Physics"
 },
 {
   "Rno": 210121025,
   "Name": "HARIBHAJAN KUSHWAHA",
   "Branch": "Engineering Physics"
 },
 {
   "Rno": 210121026,
   "Name": "HARSHITA TRIPATHI",
   "Branch": "Engineering Physics"
 },
 {
   "Rno": 210121027,
   "Name": "ISHITA SARASWAT",
   "Branch": "Engineering Physics"
 },
 {
   "Rno": 210121028,
   "Name": "JASH MUNI",
   "Branch": "Engineering Physics"
 },
 {
   "Rno": 210121029,
   "Name": "JASMINE",
   "Branch": "Engineering Physics"
 },
 {
   "Rno": 210121030,
   "Name": "KAMANI MADHAV",
   "Branch": "Engineering Physics"
 },
 {
   "Rno": 210121031,
   "Name": "KARAN RAGHUWANSHI",
   "Branch": "Engineering Physics"
 },
 {
   "Rno": 210121032,
   "Name": "KARTHIK ANAND S M",
   "Branch": "Engineering Physics"
 },
 {
   "Rno": 210121033,
   "Name": "KETHAVATH NITHIN NAIK",
   "Branch": "Engineering Physics"
 },
 {
   "Rno": 210121034,
   "Name": "MANKAR SHRUTI SADANAND",
   "Branch": "Engineering Physics"
 },
 {
   "Rno": 210121035,
   "Name": "MANOJ BAMNIYA",
   "Branch": "Engineering Physics"
 },
 {
   "Rno": 210121036,
   "Name": "MUDIT GAUR",
   "Branch": "Engineering Physics"
 },
 {
   "Rno": 210121037,
   "Name": "NAIK DHRUVA RAVINDRA",
   "Branch": "Engineering Physics"
 },
 {
   "Rno": 210121038,
   "Name": "NAMAN JAIN",
   "Branch": "Engineering Physics"
 },
 {
   "Rno": 210121039,
   "Name": "P. JOEL",
   "Branch": "Engineering Physics"
 },
 {
   "Rno": 210121040,
   "Name": "PALLAVI R GOWDA",
   "Branch": "Engineering Physics"
 },
 {
   "Rno": 210121041,
   "Name": "PRAKHAR BHATTACHARYA",
   "Branch": "Engineering Physics"
 },
 {
   "Rno": 210121042,
   "Name": "PRIYANSHU SINHA",
   "Branch": "Engineering Physics"
 },
 {
   "Rno": 210121043,
   "Name": "RAJARSHI MANDAL",
   "Branch": "Engineering Physics"
 },
 {
   "Rno": 210121044,
   "Name": "RAJEEV YADAV",
   "Branch": "Engineering Physics"
 },
 {
   "Rno": 210121045,
   "Name": "RAUNIT SINGH",
   "Branch": "Engineering Physics"
 },
 {
   "Rno": 210121046,
   "Name": "RAVI RAJAK",
   "Branch": "Engineering Physics"
 },
 {
   "Rno": 210121047,
   "Name": "S NAMAN SETHIYA",
   "Branch": "Engineering Physics"
 },
 {
   "Rno": 210121048,
   "Name": "SAISUCHITH P",
   "Branch": "Engineering Physics"
 },
 {
   "Rno": 210121049,
   "Name": "SHAFAAT HUSSAIN KHAN",
   "Branch": "Engineering Physics"
 },
 {
   "Rno": 210121050,
   "Name": "SHRIVATHSA P S",
   "Branch": "Engineering Physics"
 },
 {
   "Rno": 210121051,
   "Name": "SHUBHECHHA MONDAL",
   "Branch": "Engineering Physics"
 },
 {
   "Rno": 210121052,
   "Name": "SUBHAM KUMAR",
   "Branch": "Engineering Physics"
 },
 {
   "Rno": 210121053,
   "Name": "SUDHANSHU KUMAR",
   "Branch": "Engineering Physics"
 },
 {
   "Rno": 210121054,
   "Name": "SUNIDHI PRAKASH",
   "Branch": "Engineering Physics"
 },
 {
   "Rno": 210121055,
   "Name": "SUNKARA VENKATA SAI MANOHAR",
   "Branch": "Engineering Physics"
 },
 {
   "Rno": 210121056,
   "Name": "TANISHA ACHYUT PRAKASH",
   "Branch": "Engineering Physics"
 },
 {
   "Rno": 210121057,
   "Name": "TEJAS PANDURANG TENDULKAR",
   "Branch": "Engineering Physics"
 },
 {
   "Rno": 210121058,
   "Name": "UJJVAL CHARPOTA",
   "Branch": "Engineering Physics"
 },
 {
   "Rno": 210121059,
   "Name": "UJJWAL NILESH RAVANI",
   "Branch": "Engineering Physics"
 },
 {
   "Rno": 210121060,
   "Name": "VANTERU AISHWARYA",
   "Branch": "Engineering Physics"
 },
 {
   "Rno": 210121061,
   "Name": "VEDANT P RAJPUROHIT",
   "Branch": "Engineering Physics"
 },
 {
   "Rno": 210121062,
   "Name": "VEDHANT KRISHI S",
   "Branch": "Engineering Physics"
 },
 {
   "Rno": 210121063,
   "Name": "VISHAL SINGH MAHAR",
   "Branch": "Engineering Physics"
 },
 {
   "Rno": 210121064,
   "Name": "VISHVJEET KUMAWAT",
   "Branch": "Engineering Physics"
 },
 {
   "Rno": 210121065,
   "Name": "VIVEK KUMAR",
   "Branch": "Engineering Physics"
 },
 {
   "Rno": 210121066,
   "Name": "VIVEK S DOND",
   "Branch": "Engineering Physics"
 },
 {
   "Rno": 210121067,
   "Name": "YADAMREDDY MANASWI",
   "Branch": "Engineering Physics"
 },
 {
   "Rno": 210121068,
   "Name": "YASH",
   "Branch": "Engineering Physics"
 },
 {
   "Rno": 210123001,
   "Name": "AADITYA GUPTA",
   "Branch": "Mathematics and Computing"
 },
 {
   "Rno": 210123002,
   "Name": "AALOK BAGARIA",
   "Branch": "Mathematics and Computing"
 },
 {
   "Rno": 210123003,
   "Name": "AASTHA KHANDELWAL",
   "Branch": "Mathematics and Computing"
 },
 {
   "Rno": 210123004,
   "Name": "ABHINAV KUMAR",
   "Branch": "Mathematics and Computing"
 },
 {
   "Rno": 210123005,
   "Name": "ADAPA JASHKAYTH",
   "Branch": "Mathematics and Computing"
 },
 {
   "Rno": 210123006,
   "Name": "ANANT BANSAL",
   "Branch": "Mathematics and Computing"
 },
 {
   "Rno": 210123007,
   "Name": "ANKESHWAR SUKETH",
   "Branch": "Mathematics and Computing"
 },
 {
   "Rno": 210123008,
   "Name": "ARUSH GUPTA",
   "Branch": "Mathematics and Computing"
 },
 {
   "Rno": 210123009,
   "Name": "ASTHA RANE",
   "Branch": "Mathematics and Computing"
 },
 {
   "Rno": 210123010,
   "Name": "AYUSH KUMAR",
   "Branch": "Mathematics and Computing"
 },
 {
   "Rno": 210123011,
   "Name": "AYUSH KUMAR JAISWAL",
   "Branch": "Mathematics and Computing"
 },
 {
   "Rno": 210123012,
   "Name": "AYUSH VERMA",
   "Branch": "Mathematics and Computing"
 },
 {
   "Rno": 210123013,
   "Name": "AYUSHMAN VERMA",
   "Branch": "Mathematics and Computing"
 },
 {
   "Rno": 210123014,
   "Name": "CHANDRASHEKAR A GIRIDHARAN",
   "Branch": "Mathematics and Computing"
 },
 {
   "Rno": 210123015,
   "Name": "DAKSH RAJ",
   "Branch": "Mathematics and Computing"
 },
 {
   "Rno": 210123016,
   "Name": "DEVANSH VADNERE",
   "Branch": "Mathematics and Computing"
 },
 {
   "Rno": 210123017,
   "Name": "DHRUVA SARAWGI",
   "Branch": "Mathematics and Computing"
 },
 {
   "Rno": 210123018,
   "Name": "DIPIT PATOWARI",
   "Branch": "Mathematics and Computing"
 },
 {
   "Rno": 210123019,
   "Name": "DIYA UMESH AGRAWAL",
   "Branch": "Mathematics and Computing"
 },
 {
   "Rno": 210123020,
   "Name": "GADGE SARTHAK SIDDHESHWAR",
   "Branch": "Mathematics and Computing"
 },
 {
   "Rno": 210123021,
   "Name": "GAMPA SATHVIK",
   "Branch": "Mathematics and Computing"
 },
 {
   "Rno": 210123022,
   "Name": "GARGI GOYAL",
   "Branch": "Mathematics and Computing"
 },
 {
   "Rno": 210123023,
   "Name": "GAURAV KATARIA",
   "Branch": "Mathematics and Computing"
 },
 {
   "Rno": 210123024,
   "Name": "HARSH KUMAR",
   "Branch": "Mathematics and Computing"
 },
 {
   "Rno": 210123025,
   "Name": "HARSH KUMAR SINGH",
   "Branch": "Mathematics and Computing"
 },
 {
   "Rno": 210123026,
   "Name": "HIMANK GUPTA",
   "Branch": "Mathematics and Computing"
 },
 {
   "Rno": 210123027,
   "Name": "INAGANTI CHAKRADHAR",
   "Branch": "Mathematics and Computing"
 },
 {
   "Rno": 210123028,
   "Name": "JYOTISH",
   "Branch": "Mathematics and Computing"
 },
 {
   "Rno": 210123029,
   "Name": "JYOTISH KUMAR",
   "Branch": "Mathematics and Computing"
 },
 {
   "Rno": 210123030,
   "Name": "KAMINI MANGAL",
   "Branch": "Mathematics and Computing"
 },
 {
   "Rno": 210123031,
   "Name": "KANCHARLA ABHIJITH GOUD",
   "Branch": "Mathematics and Computing"
 },
 {
   "Rno": 210123032,
   "Name": "KHUSHI TONGIA",
   "Branch": "Mathematics and Computing"
 },
 {
   "Rno": 210123033,
   "Name": "KODUDULA ASHISH REDDY",
   "Branch": "Mathematics and Computing"
 },
 {
   "Rno": 210123034,
   "Name": "KOPPULA HRUSHIKESH",
   "Branch": "Mathematics and Computing"
 },
 {
   "Rno": 210123035,
   "Name": "L S A MOURYA",
   "Branch": "Mathematics and Computing"
 },
 {
   "Rno": 210123036,
   "Name": "LALHRIEMSANG FAIHRIEM",
   "Branch": "Mathematics and Computing"
 },
 {
   "Rno": 210123037,
   "Name": "LITESH KUMAR",
   "Branch": "Mathematics and Computing"
 },
 {
   "Rno": 210123038,
   "Name": "MESHRAM PRASHIK MANGESH",
   "Branch": "Mathematics and Computing"
 },
 {
   "Rno": 210123039,
   "Name": "MIHIT SREEJITH",
   "Branch": "Mathematics and Computing"
 },
 {
   "Rno": 210123040,
   "Name": "MUDE SRIKANTH",
   "Branch": "Mathematics and Computing"
 },
 {
   "Rno": 210123041,
   "Name": "NALLAM KALYAN SATHVIK",
   "Branch": "Mathematics and Computing"
 },
 {
   "Rno": 210123042,
   "Name": "NAYAN JYOTI PRASAD",
   "Branch": "Mathematics and Computing"
 },
 {
   "Rno": 210123043,
   "Name": "PAVAN KUMAR ABHIROOP A",
   "Branch": "Mathematics and Computing"
 },
 {
   "Rno": 210123044,
   "Name": "PITCHIKA ASHA SHREE",
   "Branch": "Mathematics and Computing"
 },
 {
   "Rno": 210123045,
   "Name": "PRANAVI SUDIREDDY",
   "Branch": "Mathematics and Computing"
 },
 {
   "Rno": 210123046,
   "Name": "PRIYANSHU DUBEY",
   "Branch": "Mathematics and Computing"
 },
 {
   "Rno": 210123047,
   "Name": "PUNIT KUMAR",
   "Branch": "Mathematics and Computing"
 },
 {
   "Rno": 210123048,
   "Name": "RAHUL KUMAR",
   "Branch": "Mathematics and Computing"
 },
 {
   "Rno": 210123049,
   "Name": "RAJ BOROGAON",
   "Branch": "Mathematics and Computing"
 },
 {
   "Rno": 210123050,
   "Name": "RAYALA NAGA PRAGNA SRI",
   "Branch": "Mathematics and Computing"
 },
 {
   "Rno": 210123051,
   "Name": "RISHIKA SARIA",
   "Branch": "Mathematics and Computing"
 },
 {
   "Rno": 210123052,
   "Name": "SAJAL AGARWAL",
   "Branch": "Mathematics and Computing"
 },
 {
   "Rno": 210123053,
   "Name": "SANKALP SETIA",
   "Branch": "Mathematics and Computing"
 },
 {
   "Rno": 210123054,
   "Name": "SATYAM CHAURASIYA",
   "Branch": "Mathematics and Computing"
 },
 {
   "Rno": 210123055,
   "Name": "SAVI ABHIDNYAN KAWLE",
   "Branch": "Mathematics and Computing"
 },
 {
   "Rno": 210123056,
   "Name": "SAYALI MANISH RAJE",
   "Branch": "Mathematics and Computing"
 },
 {
   "Rno": 210123057,
   "Name": "SHIFAT ALI",
   "Branch": "Mathematics and Computing"
 },
 {
   "Rno": 210123058,
   "Name": "SHIVAM SINGH",
   "Branch": "Mathematics and Computing"
 },
 {
   "Rno": 210123059,
   "Name": "SHUVRAJIT DEB ROY",
   "Branch": "Mathematics and Computing"
 },
 {
   "Rno": 210123060,
   "Name": "SISTLA GAYATRI",
   "Branch": "Mathematics and Computing"
 },
 {
   "Rno": 210123061,
   "Name": "SOUMYADEEP PAUL",
   "Branch": "Mathematics and Computing"
 },
 {
   "Rno": 210123062,
   "Name": "SUMAN MEENA",
   "Branch": "Mathematics and Computing"
 },
 {
   "Rno": 210123063,
   "Name": "TAMMIREDDY SRI VALLABH",
   "Branch": "Mathematics and Computing"
 },
 {
   "Rno": 210123064,
   "Name": "TANISH",
   "Branch": "Mathematics and Computing"
 },
 {
   "Rno": 210123065,
   "Name": "TANMAY BHATNAGAR",
   "Branch": "Mathematics and Computing"
 },
 {
   "Rno": 210123066,
   "Name": "TEJAS SUNIL BHALE",
   "Branch": "Mathematics and Computing"
 },
 {
   "Rno": 210123067,
   "Name": "UPESH JEENGAR",
   "Branch": "Mathematics and Computing"
 },
 {
   "Rno": 210123068,
   "Name": "UTHRISAR KHUNGUR BORO",
   "Branch": "Mathematics and Computing"
 },
 {
   "Rno": 210123069,
   "Name": "VANKADAVATH ROHITH SAI",
   "Branch": "Mathematics and Computing"
 },
 {
   "Rno": 210123070,
   "Name": "YATHARTH GUPTA",
   "Branch": "Mathematics and Computing"
 },
 {
   "Rno": 210123071,
   "Name": "YATHARTH YASH",
   "Branch": "Mathematics and Computing"
 },
 {
   "Rno": 210103001,
   "Name": "AARYESH BALERI",
   "Branch": "Mechanical Engineering"
 },
 {
   "Rno": 210103002,
   "Name": "ABHAY KUMAR SINGH",
   "Branch": "Mechanical Engineering"
 },
 {
   "Rno": 210103003,
   "Name": "ABHAY PANDEY",
   "Branch": "Mechanical Engineering"
 },
 {
   "Rno": 210103004,
   "Name": "ABHIGYAN TRIPATHI",
   "Branch": "Mechanical Engineering"
 },
 {
   "Rno": 210103005,
   "Name": "ABHIJIT SHARMA",
   "Branch": "Mechanical Engineering"
 },
 {
   "Rno": 210103006,
   "Name": "ABHISHEK GAUTAM",
   "Branch": "Mechanical Engineering"
 },
 {
   "Rno": 210103007,
   "Name": "ABHISHEK GUPTA",
   "Branch": "Mechanical Engineering"
 },
 {
   "Rno": 210103008,
   "Name": "ABHISHEK KUMAR",
   "Branch": "Mechanical Engineering"
 },
 {
   "Rno": 210103009,
   "Name": "AGNIVA GHOSH",
   "Branch": "Mechanical Engineering"
 },
 {
   "Rno": 210103010,
   "Name": "AKASH CHOWDHURY",
   "Branch": "Mechanical Engineering"
 },
 {
   "Rno": 210103011,
   "Name": "AKASH KUMAR",
   "Branch": "Mechanical Engineering"
 },
 {
   "Rno": 210103012,
   "Name": "AKSHATH KRISHNA R",
   "Branch": "Mechanical Engineering"
 },
 {
   "Rno": 210103013,
   "Name": "AKSHITA SWARNKAR",
   "Branch": "Mechanical Engineering"
 },
 {
   "Rno": 210103014,
   "Name": "ANAND KUMAR KESHAV",
   "Branch": "Mechanical Engineering"
 },
 {
   "Rno": 210103015,
   "Name": "ANIL KUMAR",
   "Branch": "Mechanical Engineering"
 },
 {
   "Rno": 210103016,
   "Name": "ANKIT GURWAN",
   "Branch": "Mechanical Engineering"
 },
 {
   "Rno": 210103017,
   "Name": "ANKIT KUMAR MAHATHA",
   "Branch": "Mechanical Engineering"
 },
 {
   "Rno": 210103018,
   "Name": "ANSH BISARYA",
   "Branch": "Mechanical Engineering"
 },
 {
   "Rno": 210103019,
   "Name": "ANTARA PARUI",
   "Branch": "Mechanical Engineering"
 },
 {
   "Rno": 210103020,
   "Name": "ANURAG JAYANT PATIL",
   "Branch": "Mechanical Engineering"
 },
 {
   "Rno": 210103021,
   "Name": "ANURAJ BHASKAR",
   "Branch": "Mechanical Engineering"
 },
 {
   "Rno": 210103022,
   "Name": "ARATRICK MONDAL",
   "Branch": "Mechanical Engineering"
 },
 {
   "Rno": 210103023,
   "Name": "ARUSHI MADHESIYA",
   "Branch": "Mechanical Engineering"
 },
 {
   "Rno": 210103024,
   "Name": "ASHISH BHARAT MOTWANI",
   "Branch": "Mechanical Engineering"
 },
 {
   "Rno": 210103025,
   "Name": "ASSMIT SHUKLA",
   "Branch": "Mechanical Engineering"
 },
 {
   "Rno": 210103026,
   "Name": "ATHARV JAROLA",
   "Branch": "Mechanical Engineering"
 },
 {
   "Rno": 210103027,
   "Name": "AYUSH KOTARYA",
   "Branch": "Mechanical Engineering"
 },
 {
   "Rno": 210103028,
   "Name": "AYUSH RANJAN",
   "Branch": "Mechanical Engineering"
 },
 {
   "Rno": 210103029,
   "Name": "BADEKAI VIJESH RAMACHANDRA BHAT",
   "Branch": "Mechanical Engineering"
 },
 {
   "Rno": 210103030,
   "Name": "BANDARI PRANEETH",
   "Branch": "Mechanical Engineering"
 },
 {
   "Rno": 210103031,
   "Name": "BANOTH SHASHIKUMAR",
   "Branch": "Mechanical Engineering"
 },
 {
   "Rno": 210103032,
   "Name": "BASANTI BARO",
   "Branch": "Mechanical Engineering"
 },
 {
   "Rno": 210103033,
   "Name": "BHUKYA PRAMOD MAHAJAN",
   "Branch": "Mechanical Engineering"
 },
 {
   "Rno": 210103034,
   "Name": "BONDELI DIVYA TEJ SINGH",
   "Branch": "Mechanical Engineering"
 },
 {
   "Rno": 210103035,
   "Name": "CHAHAK SAKLECHA",
   "Branch": "Mechanical Engineering"
 },
 {
   "Rno": 210103036,
   "Name": "CHITTUDI ANIL",
   "Branch": "Mechanical Engineering"
 },
 {
   "Rno": 210103037,
   "Name": "DAKAPPAGARI SATHVIK",
   "Branch": "Mechanical Engineering"
 },
 {
   "Rno": 210103038,
   "Name": "DEEKSHA THOLIYA",
   "Branch": "Mechanical Engineering"
 },
 {
   "Rno": 210103039,
   "Name": "DEEPAN BANERJEE",
   "Branch": "Mechanical Engineering"
 },
 {
   "Rno": 210103040,
   "Name": "DHUSHYANTHAN K",
   "Branch": "Mechanical Engineering"
 },
 {
   "Rno": 210103041,
   "Name": "DIDDI GOWRI PRIYANKA",
   "Branch": "Mechanical Engineering"
 },
 {
   "Rno": 210103042,
   "Name": "DIPANSHU GOYAL",
   "Branch": "Mechanical Engineering"
 },
 {
   "Rno": 210103043,
   "Name": "DIVYANSH DADHEECH",
   "Branch": "Mechanical Engineering"
 },
 {
   "Rno": 210103044,
   "Name": "DIWAKAR MORYA",
   "Branch": "Mechanical Engineering"
 },
 {
   "Rno": 210103045,
   "Name": "DRISHTI BANSAL",
   "Branch": "Mechanical Engineering"
 },
 {
   "Rno": 210103046,
   "Name": "ERAGANABOINA HARSHAVARDHAN",
   "Branch": "Mechanical Engineering"
 },
 {
   "Rno": 210103047,
   "Name": "G ADARSH MANI",
   "Branch": "Mechanical Engineering"
 },
 {
   "Rno": 210103048,
   "Name": "GAURAV KUMAR",
   "Branch": "Mechanical Engineering"
 },
 {
   "Rno": 210103049,
   "Name": "GORAVA LIKHITHA",
   "Branch": "Mechanical Engineering"
 },
 {
   "Rno": 210103050,
   "Name": "GUGLAVATH THARUN",
   "Branch": "Mechanical Engineering"
 },
 {
   "Rno": 210103051,
   "Name": "GURREDDY PAVANI",
   "Branch": "Mechanical Engineering"
 },
 {
   "Rno": 210103052,
   "Name": "HARDIK PAHWA",
   "Branch": "Mechanical Engineering"
 },
 {
   "Rno": 210103053,
   "Name": "HARSH KUMAR",
   "Branch": "Mechanical Engineering"
 },
 {
   "Rno": 210103054,
   "Name": "HARSH VARDHAN SINGH",
   "Branch": "Mechanical Engineering"
 },
 {
   "Rno": 210103055,
   "Name": "HARSHVARDHAN PARMAR",
   "Branch": "Mechanical Engineering"
 },
 {
   "Rno": 210103056,
   "Name": "HARSHVARDHAN SANJAY RUIKHEDKAR",
   "Branch": "Mechanical Engineering"
 },
 {
   "Rno": 210103057,
   "Name": "HIMAANSHI SINGH",
   "Branch": "Mechanical Engineering"
 },
 {
   "Rno": 210103058,
   "Name": "JADAV SUNIL",
   "Branch": "Mechanical Engineering"
 },
 {
   "Rno": 210103059,
   "Name": "JATIN BANSAL",
   "Branch": "Mechanical Engineering"
 },
 {
   "Rno": 210103060,
   "Name": "JOEL JOSEPH A",
   "Branch": "Mechanical Engineering"
 },
 {
   "Rno": 210103061,
   "Name": "JYOTISMAN SARMA",
   "Branch": "Mechanical Engineering"
 },
 {
   "Rno": 210103062,
   "Name": "KALAVAKURI VAMSI",
   "Branch": "Mechanical Engineering"
 },
 {
   "Rno": 210103063,
   "Name": "KANUMUKKALA HITHESH REDDY",
   "Branch": "Mechanical Engineering"
 },
 {
   "Rno": 210103064,
   "Name": "KASIREDDY MANOHAR REDDY",
   "Branch": "Mechanical Engineering"
 },
 {
   "Rno": 210103065,
   "Name": "KEERTHANA S",
   "Branch": "Mechanical Engineering"
 },
 {
   "Rno": 210103066,
   "Name": "KHURAKTE SAHIL GAJANAN",
   "Branch": "Mechanical Engineering"
 },
 {
   "Rno": 210103067,
   "Name": "KUMAR SHIVANG",
   "Branch": "Mechanical Engineering"
 },
 {
   "Rno": 210103068,
   "Name": "LOLUGU NITYASRI",
   "Branch": "Mechanical Engineering"
 },
 {
   "Rno": 210103069,
   "Name": "MAYANK RANJAN BHAKAT",
   "Branch": "Mechanical Engineering"
 },
 {
   "Rno": 210103070,
   "Name": "MOHIT MEENA",
   "Branch": "Mechanical Engineering"
 },
 {
   "Rno": 210103071,
   "Name": "MOOTI MEGHANA",
   "Branch": "Mechanical Engineering"
 },
 {
   "Rno": 210103072,
   "Name": "MUTTHOJU KEERTHI RAJU",
   "Branch": "Mechanical Engineering"
 },
 {
   "Rno": 210103073,
   "Name": "NAVEEN KUMAR A G",
   "Branch": "Mechanical Engineering"
 },
 {
   "Rno": 210103074,
   "Name": "NEERAJ PANDEY",
   "Branch": "Mechanical Engineering"
 },
 {
   "Rno": 210103075,
   "Name": "NETRA PUJAR",
   "Branch": "Mechanical Engineering"
 },
 {
   "Rno": 210103076,
   "Name": "NIKHIL KUMAR",
   "Branch": "Mechanical Engineering"
 },
 {
   "Rno": 210103077,
   "Name": "NIKHIL VERMA",
   "Branch": "Mechanical Engineering"
 },
 {
   "Rno": 210103078,
   "Name": "NITESH GARG",
   "Branch": "Mechanical Engineering"
 },
 {
   "Rno": 210103079,
   "Name": "NITIN KUMAR",
   "Branch": "Mechanical Engineering"
 },
 {
   "Rno": 210103080,
   "Name": "PAARTH KUMAR",
   "Branch": "Mechanical Engineering"
 },
 {
   "Rno": 210103081,
   "Name": "PARUL BHAGAT",
   "Branch": "Mechanical Engineering"
 },
 {
   "Rno": 210103082,
   "Name": "PIYUSH VAISH",
   "Branch": "Mechanical Engineering"
 },
 {
   "Rno": 210103083,
   "Name": "POORVA UPMAN",
   "Branch": "Mechanical Engineering"
 },
 {
   "Rno": 210103084,
   "Name": "POTE SWARAJ ANIL",
   "Branch": "Mechanical Engineering"
 },
 {
   "Rno": 210103085,
   "Name": "PRATIMA TOMAR",
   "Branch": "Mechanical Engineering"
 },
 {
   "Rno": 210103086,
   "Name": "RAGHAV SHARMA",
   "Branch": "Mechanical Engineering"
 },
 {
   "Rno": 210103087,
   "Name": "RAJEEV",
   "Branch": "Mechanical Engineering"
 },
 {
   "Rno": 210103088,
   "Name": "RAJEEV SUTRAKAR",
   "Branch": "Mechanical Engineering"
 },
 {
   "Rno": 210103089,
   "Name": "RAKSHIT DAHIYA",
   "Branch": "Mechanical Engineering"
 },
 {
   "Rno": 210103090,
   "Name": "RAMAN PAL",
   "Branch": "Mechanical Engineering"
 },
 {
   "Rno": 210103091,
   "Name": "RAMAVATH ASHISH RATHOD",
   "Branch": "Mechanical Engineering"
 },
 {
   "Rno": 210103092,
   "Name": "RIMJHIM DEWAN",
   "Branch": "Mechanical Engineering"
 },
 {
   "Rno": 210103093,
   "Name": "RISHABH MAHAJAN",
   "Branch": "Mechanical Engineering"
 },
 {
   "Rno": 210103094,
   "Name": "RISHAV RAJ",
   "Branch": "Mechanical Engineering"
 },
 {
   "Rno": 210103095,
   "Name": "RONGALA LIKHITA SAI PRIYA",
   "Branch": "Mechanical Engineering"
 },
 {
   "Rno": 210103096,
   "Name": "SAKSHI MAHESH SAKHARE",
   "Branch": "Mechanical Engineering"
 },
 {
   "Rno": 210103097,
   "Name": "SANU SOURAV",
   "Branch": "Mechanical Engineering"
 },
 {
   "Rno": 210103098,
   "Name": "SARTHAK GAUR",
   "Branch": "Mechanical Engineering"
 },
 {
   "Rno": 210103099,
   "Name": "SAURABH KUMAR",
   "Branch": "Mechanical Engineering"
 },
 {
   "Rno": 210103100,
   "Name": "SAYAN SOMYA",
   "Branch": "Mechanical Engineering"
 },
 {
   "Rno": 210103101,
   "Name": "SHASHWAT MISHRA",
   "Branch": "Mechanical Engineering"
 },
 {
   "Rno": 210103102,
   "Name": "SHIVAM RAGHUWANSHI",
   "Branch": "Mechanical Engineering"
 },
 {
   "Rno": 210103103,
   "Name": "SHUKLA KRISHANG TEJAS",
   "Branch": "Mechanical Engineering"
 },
 {
   "Rno": 210103104,
   "Name": "SOHIL MONPARA",
   "Branch": "Mechanical Engineering"
 },
 {
   "Rno": 210103105,
   "Name": "SONGIRE PARTH SUNILKUMAR",
   "Branch": "Mechanical Engineering"
 },
 {
   "Rno": 210103106,
   "Name": "SOURAJA KUNDU",
   "Branch": "Mechanical Engineering"
 },
 {
   "Rno": 210103107,
   "Name": "SREYAS M S",
   "Branch": "Mechanical Engineering"
 },
 {
   "Rno": 210103108,
   "Name": "TANMAY TOTLA",
   "Branch": "Mechanical Engineering"
 },
 {
   "Rno": 210103109,
   "Name": "TANUSHREE DEOGADE",
   "Branch": "Mechanical Engineering"
 },
 {
   "Rno": 210103110,
   "Name": "TAWARE ATHARV BHAUSAHEB",
   "Branch": "Mechanical Engineering"
 },
 {
   "Rno": 210103111,
   "Name": "TENDULKAR BHADRA DATTATRAYA",
   "Branch": "Mechanical Engineering"
 },
 {
   "Rno": 210103112,
   "Name": "UJJAWAL CHHAJER",
   "Branch": "Mechanical Engineering"
 },
 {
   "Rno": 210103113,
   "Name": "UTKARSH SINGH",
   "Branch": "Mechanical Engineering"
 },
 {
   "Rno": 210103114,
   "Name": "VIBHA SHEKHAWAT",
   "Branch": "Mechanical Engineering"
 },
 {
   "Rno": 210103115,
   "Name": "VIKAS RANJAN CHAUDHARI",
   "Branch": "Mechanical Engineering"
 },
 {
   "Rno": 210103116,
   "Name": "VIKRANT PRATAP YADAV",
   "Branch": "Mechanical Engineering"
 },
 {
   "Rno": 210103117,
   "Name": "VISHAL GARG",
   "Branch": "Mechanical Engineering"
 },
 {
   "Rno": 210103118,
   "Name": "VISHAL SINGH",
   "Branch": "Mechanical Engineering"
 },
 {
   "Rno": 210103119,
   "Name": "YASHARTH SINGH",
   "Branch": "Mechanical Engineering"
 }
]